class_id,source_name,review_index,source_group,image_path,bbox_yolo,review_status,review_note
0,apple,1,DSC_6148_JPG,/root/autodl-tmp/visagent/datasets/fridge_original_v1/test/images/DSC_6148_JPG_jpg.rf.9eab5803b6408553dd2ab748e6bd83ed.jpg,0 0.61562500 0.45625000 0.17343750 0.06875000,pending,
0,apple,2,DSC_5735_JPG,/root/autodl-tmp/visagent/datasets/fridge_original_v1/train/images/DSC_5735_JPG_jpg.rf.2c7fb1aec915993593bb361e5cf1e410.jpg,0 0.75625000 0.85312500 0.17031250 0.10312500,pending,
0,apple,3,DSC_5804_JPG,/root/autodl-tmp/visagent/datasets/fridge_original_v1/valid/images/DSC_5804_JPG_jpg.rf.1344600ffd9d723bcaa301851159850a.jpg,0 0.39687500 0.44062500 0.15156250 0.05156250,pending,
0,apple,4,DSC_6111_JPG,/root/autodl-tmp/visagent/datasets/fridge_original_v1/test/images/DSC_6111_JPG_jpg.rf.14b842d4ea498376cad1821737d36bc8.jpg,0 0.82187500 0.44843750 0.12187500 0.07968750,pending,
0,apple,5,DSC_5723_JPG,/root/autodl-tmp/visagent/datasets/fridge_original_v1/test/images/DSC_5723_JPG_jpg.rf.5d083eee910b4563b588a690960212ed.jpg,0 0.75625000 0.85625000 0.17656250 0.11093750,pending,
0,apple,6,DSC_6113_JPG,/root/autodl-tmp/visagent/datasets/fridge_original_v1/test/images/DSC_6113_JPG_jpg.rf.db577948b8c4e5f745f263a889f2f8ea.jpg,0 0.82187500 0.44843750 0.12187500 0.07968750,pending,
0,apple,7,DSC_6171_JPG,/root/autodl-tmp/visagent/datasets/fridge_original_v1/valid/images/DSC_6171_JPG_jpg.rf.a26a706607067f0e83061e472bc80cf8.jpg,0 0.81093750 0.59843750 0.18437500 0.07812500,pending,
0,apple,8,DSC_6102_JPG,/root/autodl-tmp/visagent/datasets/fridge_original_v1/valid/images/DSC_6102_JPG_jpg.rf.dbbb0b6b180f988ebc7ac491073425a7.jpg,0 0.64062500 0.44687500 0.13906250 0.06406250,pending,
0,apple,9,DSC_5917_JPG,/root/autodl-tmp/visagent/datasets/fridge_original_v1/test/images/DSC_5917_JPG_jpg.rf.3d075e02330e2a54ad248a47f64f03e5.jpg,0 0.77656250 0.22187500 0.17812500 0.07343750,pending,
0,apple,10,DSC_5743_JPG,/root/autodl-tmp/visagent/datasets/fridge_original_v1/valid/images/DSC_5743_JPG_jpg.rf.f3e0e793c502048110e5c14beddf7c2b.jpg,0 0.55937500 0.44375000 0.16093750 0.08437500,pending,
0,apple,11,DSC_6044_JPG,/root/autodl-tmp/visagent/datasets/fridge_original_v1/test/images/DSC_6044_JPG_jpg.rf.721120482b27e88e65c28eaa129d291a.jpg,0 0.54375000 0.88281250 0.17500000 0.11093750,pending,
0,apple,12,DSC_6110_JPG,/root/autodl-tmp/visagent/datasets/fridge_original_v1/test/images/DSC_6110_JPG_jpg.rf.9a817d729b0dbf7f950626ce4bf4b5c7.jpg,0 0.82187500 0.44843750 0.12187500 0.07968750,pending,
0,apple,13,DSC_6074_JPG,/root/autodl-tmp/visagent/datasets/fridge_original_v1/test/images/DSC_6074_JPG_jpg.rf.068f07af184b6c0db9d6c3e8a5524932.jpg,0 0.40000000 0.43750000 0.08906250 0.06406250,pending,
0,apple,14,DSC_6180_JPG,/root/autodl-tmp/visagent/datasets/fridge_original_v1/valid/images/DSC_6180_JPG_jpg.rf.fde27abb931a0dc49931e13c7df87e8b.jpg,0 0.80312500 0.60312500 0.17968750 0.08281250,pending,
0,apple,15,DSC_5796_JPG,/root/autodl-tmp/visagent/datasets/fridge_original_v1/valid/images/DSC_5796_JPG_jpg.rf.056d9de66018b84ee5893cf1883cc648.jpg,0 0.40937500 0.44375000 0.17343750 0.06718750,pending,
0,apple,16,DSC_6071_JPG,/root/autodl-tmp/visagent/datasets/fridge_original_v1/valid/images/DSC_6071_JPG_jpg.rf.2e45b1f0918efb06b089b360596cebf4.jpg,0 0.79375000 0.45937500 0.09843750 0.05468750,pending,
0,apple,17,DSC_6185_JPG,/root/autodl-tmp/visagent/datasets/fridge_original_v1/valid/images/DSC_6185_JPG_jpg.rf.4be45b208a3f023666252fb55f884c31.jpg,0 0.43906250 0.59375000 0.09062500 0.06250000,pending,
0,apple,18,DSC_5970_JPG,/root/autodl-tmp/visagent/datasets/fridge_original_v1/train/images/DSC_5970_JPG_jpg.rf.07c323fdb693df3ac6c4142fff07894f.jpg,0 0.53125000 0.59687500 0.15937500 0.09687500,pending,
0,apple,19,DSC_5946_JPG,/root/autodl-tmp/visagent/datasets/fridge_original_v1/test/images/DSC_5946_JPG_jpg.rf.4fad40e7fab86d44e2f2fbfedfce6d02.jpg,0 0.63750000 0.20937500 0.19375000 0.06406250,pending,
0,apple,20,DSC_5966_JPG,/root/autodl-tmp/visagent/datasets/fridge_original_v1/test/images/DSC_5966_JPG_jpg.rf.7d03da9150ce1555e9151e5551733c4b.jpg,0 0.39687500 0.59687500 0.17187500 0.07812500,pending,
0,apple,21,DSC_6045_JPG,/root/autodl-tmp/visagent/datasets/fridge_original_v1/test/images/DSC_6045_JPG_jpg.rf.7039783f692829f4499e4546c8940deb.jpg,0 0.35781250 0.90781250 0.10000000 0.06562500,pending,
0,apple,22,DSC_5962_JPG,/root/autodl-tmp/visagent/datasets/fridge_original_v1/train/images/DSC_5962_JPG_jpg.rf.200083b5a79360989e46546abeb728c3.jpg,0 0.39375000 0.59375000 0.18125000 0.07500000,pending,
0,apple,23,DSC_5812_JPG,/root/autodl-tmp/visagent/datasets/fridge_original_v1/valid/images/DSC_5812_JPG_jpg.rf.69e50f44df70bbb3ab3b917a59acd06f.jpg,0 0.51718750 0.87812500 0.17031250 0.09218750,pending,
0,apple,24,DSC_5939_JPG,/root/autodl-tmp/visagent/datasets/fridge_original_v1/train/images/DSC_5939_JPG_jpg.rf.20da52d347bed960a16221138c6fe376.jpg,0 0.40468750 0.45000000 0.18593750 0.07343750,pending,
0,apple,25,DSC_5678_JPG,/root/autodl-tmp/visagent/datasets/fridge_original_v1/valid/images/DSC_5678_JPG_jpg.rf.dd843b0cf3ae173fcf026efedde9ede3.jpg,0 0.35937500 0.21562500 0.16250000 0.06093750,pending,
0,apple,26,DSC_6047_JPG,/root/autodl-tmp/visagent/datasets/fridge_original_v1/test/images/DSC_6047_JPG_jpg.rf.4361d2cc2055b3c69b7bec2f37e17197.jpg,0 0.39843750 0.89218750 0.21093750 0.10937500,pending,
0,apple,27,DSC_6172_JPG,/root/autodl-tmp/visagent/datasets/fridge_original_v1/valid/images/DSC_6172_JPG_jpg.rf.0364c3e78ac67964e45f44382b61b0c6.jpg,0 0.81093750 0.60000000 0.18281250 0.08281250,pending,
0,apple,28,DSC_5984_JPG,/root/autodl-tmp/visagent/datasets/fridge_original_v1/test/images/DSC_5984_JPG_jpg.rf.0233b1a880fab918e40f125f9d1ba70c.jpg,0 0.56875000 0.57812500 0.07968750 0.05312500,pending,
0,apple,29,DSC_5913_JPG,/root/autodl-tmp/visagent/datasets/fridge_original_v1/train/images/DSC_5913_JPG_jpg.rf.2d8b2fa7fbad27fd73fc45827616516b.jpg,0 0.78281250 0.22500000 0.18281250 0.07343750,pending,
0,apple,30,DSC_6174_JPG,/root/autodl-tmp/visagent/datasets/fridge_original_v1/valid/images/DSC_6174_JPG_jpg.rf.6db7b4ef6eee774c385ce32c8fa70fb7.jpg,0 0.81250000 0.60000000 0.17187500 0.08281250,pending,
1,banana,1,DSC_5756_JPG,/root/autodl-tmp/visagent/datasets/fridge_original_v1/test/images/DSC_5756_JPG_jpg.rf.906799f9653a48dbb46da35a94849380.jpg,1 0.77343750 0.22343750 0.19218750 0.06093750,pass,visual_contact_sheet_review_codex_2026-07-16
1,banana,2,DSC_5867_JPG,/root/autodl-tmp/visagent/datasets/fridge_original_v1/train/images/DSC_5867_JPG_jpg.rf.0e9fb208dcda3014264633a51eee10c5.jpg,1 0.79062500 0.87500000 0.17500000 0.10937500,pass,visual_contact_sheet_review_codex_2026-07-16
1,banana,3,DSC_5951_JPG,/root/autodl-tmp/visagent/datasets/fridge_original_v1/test/images/DSC_5951_JPG_jpg.rf.be187b508ed0c0c49dde8ab0d14c4756.jpg,1 0.40000000 0.89062500 0.17812500 0.09687500,pass,visual_contact_sheet_review_codex_2026-07-16
1,banana,4,DSC_5993_JPG,/root/autodl-tmp/visagent/datasets/fridge_original_v1/valid/images/DSC_5993_JPG_jpg.rf.dda1b9c42f3c9bcf12d904edf3ff9535.jpg,1 0.71250000 0.22031250 0.20625000 0.05156250,pass,visual_contact_sheet_review_codex_2026-07-16
1,banana,5,DSC_6064_JPG,/root/autodl-tmp/visagent/datasets/fridge_original_v1/test/images/DSC_6064_JPG_jpg.rf.e573d423086d6729fc7ebb8f9f714750.jpg,1 0.79062500 0.46562500 0.17656250 0.08281250,pass,visual_contact_sheet_review_codex_2026-07-16
1,banana,6,DSC_5949_JPG,/root/autodl-tmp/visagent/datasets/fridge_original_v1/test/images/DSC_5949_JPG_jpg.rf.df3b98e34f077595e792e448054ff0d5.jpg,1 0.41406250 0.42968750 0.13750000 0.10625000,pass,visual_contact_sheet_review_codex_2026-07-16
1,banana,7,DSC_6191_JPG,/root/autodl-tmp/visagent/datasets/fridge_original_v1/train/images/DSC_6191_JPG_jpg.rf.2822723304423d20133f258dd77d19fa.jpg,1 0.44687500 0.20781250 0.15937500 0.06875000,pass,visual_contact_sheet_review_codex_2026-07-16
1,banana,8,DSC_5903_JPG,/root/autodl-tmp/visagent/datasets/fridge_original_v1/train/images/DSC_5903_JPG_jpg.rf.003bf70058e5a354b404912ffffe3c73.jpg,1 0.68750000 0.44062500 0.19687500 0.08281250,pass,visual_contact_sheet_review_codex_2026-07-16
1,banana,9,DSC_5868_JPG,/root/autodl-tmp/visagent/datasets/fridge_original_v1/train/images/DSC_5868_JPG_jpg.rf.02f2bd85cfaf074f5ae63e93feda8159.jpg,1 0.80312500 0.86562500 0.17656250 0.12187500,pass,visual_contact_sheet_review_codex_2026-07-16
1,banana,10,DSC_5997_JPG,/root/autodl-tmp/visagent/datasets/fridge_original_v1/train/images/DSC_5997_JPG_jpg.rf.0411ba938ca3c70fb5fec611c8ef297b.jpg,1 0.43437500 0.21875000 0.20468750 0.05468750,pass,visual_contact_sheet_review_codex_2026-07-16
1,banana,11,DSC_5871_JPG,/root/autodl-tmp/visagent/datasets/fridge_original_v1/train/images/DSC_5871_JPG_jpg.rf.1751cc85a4f23e21ab4effeca6b119b4.jpg,1 0.79375000 0.87031250 0.18125000 0.13437500,pass,visual_contact_sheet_review_codex_2026-07-16
1,banana,12,DSC_5702_JPG,/root/autodl-tmp/visagent/datasets/fridge_original_v1/test/images/DSC_5702_JPG_jpg.rf.01bdd3d2b4c1ea4c4e3de712c2de09b5.jpg,1 0.40937500 0.44375000 0.19375000 0.06718750,pass,visual_contact_sheet_review_codex_2026-07-16
1,banana,13,DSC_5920_JPG,/root/autodl-tmp/visagent/datasets/fridge_original_v1/test/images/DSC_5920_JPG_jpg.rf.d28db638c894b285ccfcdff4196bf041.jpg,1 0.43750000 0.45000000 0.21406250 0.09062500,pass,visual_contact_sheet_review_codex_2026-07-16
1,banana,14,DSC_5931_JPG,/root/autodl-tmp/visagent/datasets/fridge_original_v1/test/images/DSC_5931_JPG_jpg.rf.49a772c807c9c3e0364419196fb48a84.jpg,1 0.66875000 0.21562500 0.12343750 0.06093750,pass,visual_contact_sheet_review_codex_2026-07-16
1,banana,15,DSC_5912_JPG,/root/autodl-tmp/visagent/datasets/fridge_original_v1/test/images/DSC_5912_JPG_jpg.rf.640d16421aab66610fdc42ef254b0814.jpg,1 0.75625000 0.45625000 0.15937500 0.07343750,pass,visual_contact_sheet_review_codex_2026-07-16
1,banana,16,DSC_6062_JPG,/root/autodl-tmp/visagent/datasets/fridge_original_v1/test/images/DSC_6062_JPG_jpg.rf.4735d930db9d204c8ac098aa7337b2b8.jpg,1 0.58125000 0.89062500 0.21562500 0.11562500,pass,visual_contact_sheet_review_codex_2026-07-16
1,banana,17,DSC_5823_JPG,/root/autodl-tmp/visagent/datasets/fridge_original_v1/test/images/DSC_5823_JPG_jpg.rf.27bb782732deb4888e9f3551bd09de17.jpg,1 0.39062500 0.21250000 0.21718750 0.08125000,pass,visual_contact_sheet_review_codex_2026-07-16
1,banana,18,DSC_6178_JPG,/root/autodl-tmp/visagent/datasets/fridge_original_v1/valid/images/DSC_6178_JPG_jpg.rf.eaaa1f71925a3337cbbdce29b029ac49.jpg,1 0.62812500 0.58437500 0.11093750 0.09375000,pass,visual_contact_sheet_review_codex_2026-07-16
1,banana,19,DSC_5761_JPG,/root/autodl-tmp/visagent/datasets/fridge_original_v1/test/images/DSC_5761_JPG_jpg.rf.111a839a2937a9f47ac0efbdf42a4f08.jpg,1 0.50937500 0.88125000 0.20000000 0.11562500,pass,visual_contact_sheet_review_codex_2026-07-16
1,banana,20,DSC_5948_JPG,/root/autodl-tmp/visagent/datasets/fridge_original_v1/valid/images/DSC_5948_JPG_jpg.rf.67b176624ee2ddd6d8d935fd9d2fb79a.jpg,1 0.58437500 0.20312500 0.15312500 0.09218750,pass,visual_contact_sheet_review_codex_2026-07-16
1,banana,21,DSC_6061_JPG,/root/autodl-tmp/visagent/datasets/fridge_original_v1/valid/images/DSC_6061_JPG_jpg.rf.e6fcb4ee2589eeb7e24608b18fccb8c9.jpg,1 0.60000000 0.88750000 0.19218750 0.10625000,pass,visual_contact_sheet_review_codex_2026-07-16
1,banana,22,DSC_6068_JPG,/root/autodl-tmp/visagent/datasets/fridge_original_v1/valid/images/DSC_6068_JPG_jpg.rf.a9550010185095f804036c976078545a.jpg,1 0.75625000 0.45625000 0.14843750 0.06875000,pass,visual_contact_sheet_review_codex_2026-07-16
1,banana,23,DSC_5758_JPG,/root/autodl-tmp/visagent/datasets/fridge_original_v1/train/images/DSC_5758_JPG_jpg.rf.158442080f8ee3c42504e3a87f42da04.jpg,1 0.67968750 0.61875000 0.19062500 0.07656250,pass,visual_contact_sheet_review_codex_2026-07-16
1,banana,24,DSC_5953_JPG,/root/autodl-tmp/visagent/datasets/fridge_original_v1/valid/images/DSC_5953_JPG_jpg.rf.a2091b0bd0b3b4a0bccd1d20611bbb8d.jpg,1 0.39843750 0.88750000 0.15468750 0.08281250,pass,visual_contact_sheet_review_codex_2026-07-16
1,banana,25,DSC_5821_JPG,/root/autodl-tmp/visagent/datasets/fridge_original_v1/train/images/DSC_5821_JPG_jpg.rf.0be8240da9d27628fbd591d85208fc12.jpg,1 0.37500000 0.87343750 0.14843750 0.08437500,pass,visual_contact_sheet_review_codex_2026-07-16
1,banana,26,DSC_6015_JPG,/root/autodl-tmp/visagent/datasets/fridge_original_v1/valid/images/DSC_6015_JPG_jpg.rf.080124eae3b381859cd7fbedc1713a1b.jpg,1 0.75625000 0.88281250 0.13750000 0.10000000,pass,visual_contact_sheet_review_codex_2026-07-16
1,banana,27,DSC_6020_JPG,/root/autodl-tmp/visagent/datasets/fridge_original_v1/valid/images/DSC_6020_JPG_jpg.rf.b58158f38d86423958a9f6d1d47c4f30.jpg,1 0.75312500 0.88281250 0.15937500 0.10000000,pass,visual_contact_sheet_review_codex_2026-07-16
1,banana,28,DSC_6174_JPG,/root/autodl-tmp/visagent/datasets/fridge_original_v1/valid/images/DSC_6174_JPG_jpg.rf.6db7b4ef6eee774c385ce32c8fa70fb7.jpg,1 0.62187500 0.58593750 0.11093750 0.09062500,pass,visual_contact_sheet_review_codex_2026-07-16
1,banana,29,DSC_5739_JPG,/root/autodl-tmp/visagent/datasets/fridge_original_v1/train/images/DSC_5739_JPG_jpg.rf.00962dbf18152cfa724d2d6a589b4cf3.jpg,1 0.57812500 0.21093750 0.19062500 0.06093750,pass,visual_contact_sheet_review_codex_2026-07-16
1,banana,30,DSC_6023_JPG,/root/autodl-tmp/visagent/datasets/fridge_original_v1/train/images/DSC_6023_JPG_jpg.rf.1be0494267e47af4d4306b848803f0bd.jpg,1 0.41718750 0.92031250 0.20625000 0.11250000,pass,visual_contact_sheet_review_codex_2026-07-16
2,beef,1,DSC_5841_JPG,/root/autodl-tmp/visagent/datasets/fridge_original_v1/test/images/DSC_5841_JPG_jpg.rf.fdedce3bdff3521c75d225996613ed26.jpg,2 0.37031250 0.47187500 0.21093750 0.05312500,pass,visual_contact_sheet_review_codex_2026-07-16
2,beef,2,DSC_6101_JPG,/root/autodl-tmp/visagent/datasets/fridge_original_v1/valid/images/DSC_6101_JPG_jpg.rf.1a58654902c8ef14bdf0eb977fdd2ddd.jpg,2 0.71562500 0.86875000 0.18437500 0.07812500,pass,visual_contact_sheet_review_codex_2026-07-16
2,beef,3,DSC_6076_JPG,/root/autodl-tmp/visagent/datasets/fridge_original_v1/test/images/DSC_6076_JPG_jpg.rf.a4ca2772f9ee9492c3747f4cc1930ca8.jpg,2 0.72031250 0.88281250 0.18281250 0.09687500,pass,visual_contact_sheet_review_codex_2026-07-16
2,beef,4,DSC_6015_JPG,/root/autodl-tmp/visagent/datasets/fridge_original_v1/valid/images/DSC_6015_JPG_jpg.rf.080124eae3b381859cd7fbedc1713a1b.jpg,2 0.41250000 0.88437500 0.13906250 0.07656250,pass,visual_contact_sheet_review_codex_2026-07-16
2,beef,5,DSC_6083_JPG,/root/autodl-tmp/visagent/datasets/fridge_original_v1/test/images/DSC_6083_JPG_jpg.rf.1b06bc7dc7389af73f20c29cd206b120.jpg,2 0.56093750 0.60625000 0.13593750 0.06406250,pass,visual_contact_sheet_review_codex_2026-07-16
2,beef,6,DSC_6078_JPG,/root/autodl-tmp/visagent/datasets/fridge_original_v1/test/images/DSC_6078_JPG_jpg.rf.b6387f7a47e5400d86561b30bfc3eb93.jpg,2 0.40937500 0.60937500 0.14218750 0.06718750,pass,visual_contact_sheet_review_codex_2026-07-16
2,beef,7,DSC_6085_JPG,/root/autodl-tmp/visagent/datasets/fridge_original_v1/test/images/DSC_6085_JPG_jpg.rf.613bf7e0869ae570915dd97f756c74cd.jpg,2 0.76875000 0.60625000 0.17187500 0.06718750,pass,visual_contact_sheet_review_codex_2026-07-16
2,beef,8,DSC_6102_JPG,/root/autodl-tmp/visagent/datasets/fridge_original_v1/valid/images/DSC_6102_JPG_jpg.rf.dbbb0b6b180f988ebc7ac491073425a7.jpg,2 0.72187500 0.86562500 0.20000000 0.06718750,pass,visual_contact_sheet_review_codex_2026-07-16
2,beef,9,DSC_5948_JPG,/root/autodl-tmp/visagent/datasets/fridge_original_v1/valid/images/DSC_5948_JPG_jpg.rf.67b176624ee2ddd6d8d935fd9d2fb79a.jpg,2 0.40312500 0.88750000 0.14843750 0.07968750,pass,visual_contact_sheet_review_codex_2026-07-16
2,beef,10,DSC_5977_JPG,/root/autodl-tmp/visagent/datasets/fridge_original_v1/train/images/DSC_5977_JPG_jpg.rf.251e72b5417f218a207e90cc1be45e88.jpg,2 0.53125000 0.61250000 0.28593750 0.06718750,pass,visual_contact_sheet_review_codex_2026-07-16
2,beef,11,DSC_6016_JPG,/root/autodl-tmp/visagent/datasets/fridge_original_v1/test/images/DSC_6016_JPG_jpg.rf.5a55f05c3269e58c179d4e74ece7100e.jpg,2 0.43125000 0.89218750 0.18281250 0.10781250,pass,visual_contact_sheet_review_codex_2026-07-16
2,beef,12,DSC_5947_JPG,/root/autodl-tmp/visagent/datasets/fridge_original_v1/test/images/DSC_5947_JPG_jpg.rf.2e1241f956fb288ed96aecccbe5f31ff.jpg,2 0.37656250 0.89062500 0.20000000 0.11875000,pass,visual_contact_sheet_review_codex_2026-07-16
2,beef,13,DSC_5739_JPG,/root/autodl-tmp/visagent/datasets/fridge_original_v1/train/images/DSC_5739_JPG_jpg.rf.00962dbf18152cfa724d2d6a589b4cf3.jpg,2 0.77500000 0.45781250 0.21562500 0.05937500,pass,visual_contact_sheet_review_codex_2026-07-16
2,beef,14,DSC_5711_JPG,/root/autodl-tmp/visagent/datasets/fridge_original_v1/test/images/DSC_5711_JPG_jpg.rf.59fb1aa3e9705871ec68043e10699d83.jpg,2 0.61875000 0.89843750 0.26875000 0.09375000,pass,visual_contact_sheet_review_codex_2026-07-16
2,beef,15,DSC_5901_JPG,/root/autodl-tmp/visagent/datasets/fridge_original_v1/test/images/DSC_5901_JPG_jpg.rf.035465db9104056451ba1f23b7db2d45.jpg,2 0.55937500 0.60312500 0.12656250 0.03750000,pass,visual_contact_sheet_review_codex_2026-07-16
2,beef,16,DSC_6089_JPG,/root/autodl-tmp/visagent/datasets/fridge_original_v1/test/images/DSC_6089_JPG_jpg.rf.c5e242bde673f4e99522b19fd35e6266.jpg,2 0.41250000 0.59218750 0.16562500 0.05937500,pass,visual_contact_sheet_review_codex_2026-07-16
2,beef,17,DSC_6072_JPG,/root/autodl-tmp/visagent/datasets/fridge_original_v1/test/images/DSC_6072_JPG_jpg.rf.653ecc7ef49b08eff66c71463b917907.jpg,2 0.56875000 0.60937500 0.15781250 0.05937500,pass,visual_contact_sheet_review_codex_2026-07-16
2,beef,18,DSC_6009_JPG,/root/autodl-tmp/visagent/datasets/fridge_original_v1/test/images/DSC_6009_JPG_jpg.rf.131f080d0f2bcf44a218abf8c5f5c6aa.jpg,2 0.67343750 0.87500000 0.26250000 0.10312500,pass,visual_contact_sheet_review_codex_2026-07-16
2,beef,19,DSC_5983_JPG,/root/autodl-tmp/visagent/datasets/fridge_original_v1/test/images/DSC_5983_JPG_jpg.rf.61c66e1f63a81c12cfceddc092be7b1e.jpg,2 0.64687500 0.88125000 0.21718750 0.10937500,pass,visual_contact_sheet_review_codex_2026-07-16
2,beef,20,DSC_6077_JPG,/root/autodl-tmp/visagent/datasets/fridge_original_v1/test/images/DSC_6077_JPG_jpg.rf.95fcfa8ccdb6522625348a748948934e.jpg,2 0.46875000 0.87500000 0.15625000 0.09062500,pass,visual_contact_sheet_review_codex_2026-07-16
2,beef,21,DSC_5985_JPG,/root/autodl-tmp/visagent/datasets/fridge_original_v1/test/images/DSC_5985_JPG_jpg.rf.b75a2208445df734c7f899e1b7c626e4.jpg,2 0.57968750 0.89843750 0.26718750 0.09062500,pass,visual_contact_sheet_review_codex_2026-07-16
2,beef,22,DSC_6090_JPG,/root/autodl-tmp/visagent/datasets/fridge_original_v1/test/images/DSC_6090_JPG_jpg.rf.062e06045543765454e1897d20777802.jpg,2 0.40312500 0.59687500 0.17031250 0.06250000,pass,visual_contact_sheet_review_codex_2026-07-16
2,beef,23,DSC_6014_JPG,/root/autodl-tmp/visagent/datasets/fridge_original_v1/train/images/DSC_6014_JPG_jpg.rf.06143ac29f2b733a92ea0cda0efb0797.jpg,2 0.60000000 0.87656250 0.27187500 0.08593750,pass,visual_contact_sheet_review_codex_2026-07-16
2,beef,24,DSC_6104_JPG,/root/autodl-tmp/visagent/datasets/fridge_original_v1/test/images/DSC_6104_JPG_jpg.rf.0e292d9448cd9167bff78133c4745463.jpg,2 0.77812500 0.60312500 0.14375000 0.06250000,pass,visual_contact_sheet_review_codex_2026-07-16
2,beef,25,DSC_5989_JPG,/root/autodl-tmp/visagent/datasets/fridge_original_v1/test/images/DSC_5989_JPG_jpg.rf.88bd166ee202e868fd0bb0941e118df0.jpg,2 0.58593750 0.60625000 0.19062500 0.06875000,pass,visual_contact_sheet_review_codex_2026-07-16
2,beef,26,DSC_6007_JPG,/root/autodl-tmp/visagent/datasets/fridge_original_v1/test/images/DSC_6007_JPG_jpg.rf.894b27d6f22246f25d19eb89d6209724.jpg,2 0.67812500 0.86562500 0.26875000 0.08125000,pass,visual_contact_sheet_review_codex_2026-07-16
2,beef,27,DSC_5773_JPG,/root/autodl-tmp/visagent/datasets/fridge_original_v1/test/images/DSC_5773_JPG_jpg.rf.62bf416f36e4bb4f1301560dee8829d3.jpg,2 0.69062500 0.46562500 0.19375000 0.05468750,pass,visual_contact_sheet_review_codex_2026-07-16
2,beef,28,DSC_6073_JPG,/root/autodl-tmp/visagent/datasets/fridge_original_v1/test/images/DSC_6073_JPG_jpg.rf.355e0439ff4e69ac56704510ec35c6ea.jpg,2 0.72343750 0.88125000 0.19687500 0.09062500,pass,visual_contact_sheet_review_codex_2026-07-16
2,beef,29,DSC_6080_JPG,/root/autodl-tmp/visagent/datasets/fridge_original_v1/test/images/DSC_6080_JPG_jpg.rf.e3cb5a7971675fa6f3687c44c5fbb6da.jpg,2 0.74687500 0.60625000 0.15781250 0.06718750,pass,visual_contact_sheet_review_codex_2026-07-16
2,beef,30,DSC_5988_JPG,/root/autodl-tmp/visagent/datasets/fridge_original_v1/valid/images/DSC_5988_JPG_jpg.rf.05df2c8a131f7a74c3dc1cd1b58d4899.jpg,2 0.71250000 0.58750000 0.15625000 0.04062500,pass,visual_contact_sheet_review_codex_2026-07-16
3,blueberries,1,DSC_6046_JPG,/root/autodl-tmp/visagent/datasets/fridge_original_v1/test/images/DSC_6046_JPG_jpg.rf.a94418e694c114c887ea5a055a8f3ccf.jpg,3 0.37968750 0.21875000 0.12968750 0.04375000,pending,
3,blueberries,2,DSC_6037_JPG,/root/autodl-tmp/visagent/datasets/fridge_original_v1/valid/images/DSC_6037_JPG_jpg.rf.0e043027fb095607f58584c17994f157.jpg,3 0.45468750 0.22968750 0.15000000 0.03750000,pending,
3,blueberries,3,DSC_6201_JPG,/root/autodl-tmp/visagent/datasets/fridge_original_v1/test/images/DSC_6201_JPG_jpg.rf.a5b261cda847d688222054b38a66059e.jpg,3 0.47500000 0.61250000 0.12343750 0.04843750,pending,
3,blueberries,4,DSC_5954_JPG,/root/autodl-tmp/visagent/datasets/fridge_original_v1/test/images/DSC_5954_JPG_jpg.rf.a6c47fd35944a6ad5d07663125a4ff6e.jpg,3 0.56875000 0.61562500 0.13437500 0.05312500,pending,
3,blueberries,5,DSC_5765_JPG,/root/autodl-tmp/visagent/datasets/fridge_original_v1/test/images/DSC_5765_JPG_jpg.rf.2598b4c5ecc7a1bd71b70a8b90094b9d.jpg,3 0.37031250 0.62500000 0.13437500 0.06406250,pending,
3,blueberries,6,DSC_5991_JPG,/root/autodl-tmp/visagent/datasets/fridge_original_v1/train/images/DSC_5991_JPG_jpg.rf.1214a6f326414594bc056dec4c43e79d.jpg,3 0.72187500 0.85937500 0.15937500 0.07500000,pending,
3,blueberries,7,DSC_6096_JPG,/root/autodl-tmp/visagent/datasets/fridge_original_v1/test/images/DSC_6096_JPG_jpg.rf.9e222f11f2c0d9d66f25c0d688b5108f.jpg,3 0.65000000 0.22812500 0.15312500 0.02812500,pending,
3,blueberries,8,DSC_5890_JPG,/root/autodl-tmp/visagent/datasets/fridge_original_v1/train/images/DSC_5890_JPG_jpg.rf.5645ce72ae1b274479c349068ae3f6d1.jpg,3 0.38750000 0.46406250 0.12031250 0.05468750,pending,
3,blueberries,9,DSC_5923_JPG,/root/autodl-tmp/visagent/datasets/fridge_original_v1/test/images/DSC_5923_JPG_jpg.rf.4768192d35d387dd7ebfda128fbd2a3e.jpg,3 0.47187500 0.87812500 0.15000000 0.06562500,pending,
3,blueberries,10,DSC_6077_JPG,/root/autodl-tmp/visagent/datasets/fridge_original_v1/test/images/DSC_6077_JPG_jpg.rf.95fcfa8ccdb6522625348a748948934e.jpg,3 0.59687500 0.46250000 0.12031250 0.03750000,pending,
3,blueberries,11,DSC_6044_JPG,/root/autodl-tmp/visagent/datasets/fridge_original_v1/test/images/DSC_6044_JPG_jpg.rf.721120482b27e88e65c28eaa129d291a.jpg,3 0.78437500 0.20468750 0.16875000 0.05156250,pending,
3,blueberries,12,DSC_5992_JPG,/root/autodl-tmp/visagent/datasets/fridge_original_v1/train/images/DSC_5992_JPG_jpg.rf.007bfe17023d94ecd01cdaf12fd7dbce.jpg,3 0.50625000 0.60625000 0.14218750 0.06250000,pending,
3,blueberries,13,DSC_6076_JPG,/root/autodl-tmp/visagent/datasets/fridge_original_v1/test/images/DSC_6076_JPG_jpg.rf.a4ca2772f9ee9492c3747f4cc1930ca8.jpg,3 0.36875000 0.46250000 0.11406250 0.04531250,pending,
3,blueberries,14,DSC_6040_JPG,/root/autodl-tmp/visagent/datasets/fridge_original_v1/test/images/DSC_6040_JPG_jpg.rf.09f62c5efba7c77de78746bba96418ff.jpg,3 0.44375000 0.46250000 0.14218750 0.05937500,pending,
3,blueberries,15,DSC_5868_JPG,/root/autodl-tmp/visagent/datasets/fridge_original_v1/train/images/DSC_5868_JPG_jpg.rf.02f2bd85cfaf074f5ae63e93feda8159.jpg,3 0.71718750 0.46250000 0.12500000 0.05156250,pending,
3,blueberries,16,DSC_5841_JPG,/root/autodl-tmp/visagent/datasets/fridge_original_v1/test/images/DSC_5841_JPG_jpg.rf.fdedce3bdff3521c75d225996613ed26.jpg,3 0.36250000 0.90312500 0.11718750 0.07187500,pending,
3,blueberries,17,DSC_5831_JPG,/root/autodl-tmp/visagent/datasets/fridge_original_v1/train/images/DSC_5831_JPG_jpg.rf.0df9d9a28ca1cbc9f7d4a45e137669fd.jpg,3 0.35312500 0.46250000 0.11562500 0.05468750,pending,
3,blueberries,18,DSC_5870_JPG,/root/autodl-tmp/visagent/datasets/fridge_original_v1/test/images/DSC_5870_JPG_jpg.rf.fc90ea6728b00c71e40dcff2988fbfe2.jpg,3 0.75312500 0.22187500 0.12343750 0.03281250,pending,
3,blueberries,19,DSC_6088_JPG,/root/autodl-tmp/visagent/datasets/fridge_original_v1/valid/images/DSC_6088_JPG_jpg.rf.1fb6d402299a571bcc7ac3d4d49802f7.jpg,3 0.51875000 0.46875000 0.16250000 0.03750000,pending,
3,blueberries,20,DSC_5867_JPG,/root/autodl-tmp/visagent/datasets/fridge_original_v1/train/images/DSC_5867_JPG_jpg.rf.0e9fb208dcda3014264633a51eee10c5.jpg,3 0.71250000 0.46875000 0.12187500 0.04218750,pending,
3,blueberries,21,DSC_5931_JPG,/root/autodl-tmp/visagent/datasets/fridge_original_v1/test/images/DSC_5931_JPG_jpg.rf.49a772c807c9c3e0364419196fb48a84.jpg,3 0.46875000 0.88125000 0.13125000 0.06718750,pending,
3,blueberries,22,DSC_5973_JPG,/root/autodl-tmp/visagent/datasets/fridge_original_v1/train/images/DSC_5973_JPG_jpg.rf.15a0865972aa4a3a2d3bf53fb273314a.jpg,3 0.37500000 0.89062500 0.13437500 0.07500000,pending,
3,blueberries,23,DSC_5989_JPG,/root/autodl-tmp/visagent/datasets/fridge_original_v1/test/images/DSC_5989_JPG_jpg.rf.88bd166ee202e868fd0bb0941e118df0.jpg,3 0.79687500 0.87812500 0.13281250 0.07968750,pending,
3,blueberries,24,DSC_6081_JPG,/root/autodl-tmp/visagent/datasets/fridge_original_v1/valid/images/DSC_6081_JPG_jpg.rf.2b0d8497d00d7ea31c8cd6a1e503cb95.jpg,3 0.42656250 0.45937500 0.16093750 0.04531250,pending,
3,blueberries,25,DSC_6090_JPG,/root/autodl-tmp/visagent/datasets/fridge_original_v1/test/images/DSC_6090_JPG_jpg.rf.062e06045543765454e1897d20777802.jpg,3 0.50625000 0.47187500 0.12968750 0.03437500,pending,
3,blueberries,26,DSC_6085_JPG,/root/autodl-tmp/visagent/datasets/fridge_original_v1/test/images/DSC_6085_JPG_jpg.rf.613bf7e0869ae570915dd97f756c74cd.jpg,3 0.43437500 0.46875000 0.15000000 0.03750000,pending,
3,blueberries,27,DSC_6137_JPG,/root/autodl-tmp/visagent/datasets/fridge_original_v1/test/images/DSC_6137_JPG_jpg.rf.c0450648e5a14ca7b6b7a90e4bc9bd0b.jpg,3 0.64218750 0.23750000 0.12343750 0.02968750,pending,
3,blueberries,28,DSC_5970_JPG,/root/autodl-tmp/visagent/datasets/fridge_original_v1/train/images/DSC_5970_JPG_jpg.rf.07c323fdb693df3ac6c4142fff07894f.jpg,3 0.59375000 0.88750000 0.13750000 0.07968750,pending,
3,blueberries,29,DSC_5834_JPG,/root/autodl-tmp/visagent/datasets/fridge_original_v1/test/images/DSC_5834_JPG_jpg.rf.5d8ca73326fed3afb9c534f58f69af93.jpg,3 0.39062500 0.90000000 0.12187500 0.07031250,pending,
3,blueberries,30,DSC_6098_JPG,/root/autodl-tmp/visagent/datasets/fridge_original_v1/test/images/DSC_6098_JPG_jpg.rf.3dac641e814d1bdad0dcb60480124226.jpg,3 0.79687500 0.61875000 0.11875000 0.03906250,pending,
4,bread,1,DSC_6104_JPG,/root/autodl-tmp/visagent/datasets/fridge_original_v1/test/images/DSC_6104_JPG_jpg.rf.0e292d9448cd9167bff78133c4745463.jpg,4 0.51562500 0.21875000 0.14062500 0.05156250,pending,
4,bread,2,DSC_5963_JPG,/root/autodl-tmp/visagent/datasets/fridge_original_v1/test/images/DSC_5963_JPG_jpg.rf.2b9024b74d720b70c14095696084d820.jpg,4 0.53437500 0.61406250 0.17968750 0.07500000,pending,
4,bread,3,DSC_6187_JPG,/root/autodl-tmp/visagent/datasets/fridge_original_v1/valid/images/DSC_6187_JPG_jpg.rf.78ddbcba4134036d051182b0c805cf87.jpg,4 0.80625000 0.60000000 0.15000000 0.06718750,pending,
4,bread,4,DSC_6060_JPG,/root/autodl-tmp/visagent/datasets/fridge_original_v1/test/images/DSC_6060_JPG_jpg.rf.73dac8ff2476d53b53e0c10ee6dc9ea5.jpg,4 0.74843750 0.88437500 0.17031250 0.09531250,pending,
4,bread,5,DSC_6004_JPG,/root/autodl-tmp/visagent/datasets/fridge_original_v1/train/images/DSC_6004_JPG_jpg.rf.070713db67a12daf9c65394002d0e4c8.jpg,4 0.38750000 0.87031250 0.13750000 0.09218750,pending,
4,bread,6,DSC_6112_JPG,/root/autodl-tmp/visagent/datasets/fridge_original_v1/test/images/DSC_6112_JPG_jpg.rf.4d55f7fd0a39afd5719d5601c51c47b3.jpg,4 0.70937500 0.21875000 0.13593750 0.05000000,pending,
4,bread,7,DSC_6009_JPG,/root/autodl-tmp/visagent/datasets/fridge_original_v1/test/images/DSC_6009_JPG_jpg.rf.131f080d0f2bcf44a218abf8c5f5c6aa.jpg,4 0.43125000 0.87187500 0.15625000 0.07812500,pending,
4,bread,8,DSC_5967_JPG,/root/autodl-tmp/visagent/datasets/fridge_original_v1/train/images/DSC_5967_JPG_jpg.rf.2a2cfcd907e30bf703d34722993d2993.jpg,4 0.40312500 0.91093750 0.15312500 0.09218750,pending,
4,bread,9,DSC_6013_JPG,/root/autodl-tmp/visagent/datasets/fridge_original_v1/test/images/DSC_6013_JPG_jpg.rf.c4bb7c7c1248cbba1f1b36d26b7a2df5.jpg,4 0.33906250 0.85625000 0.12656250 0.12812500,pending,
4,bread,10,DSC_6049_JPG,/root/autodl-tmp/visagent/datasets/fridge_original_v1/train/images/DSC_6049_JPG_jpg.rf.0f094154bb1eac102d32003a20381f3f.jpg,4 0.60156250 0.60625000 0.14375000 0.06718750,pending,
4,bread,11,DSC_6072_JPG,/root/autodl-tmp/visagent/datasets/fridge_original_v1/test/images/DSC_6072_JPG_jpg.rf.653ecc7ef49b08eff66c71463b917907.jpg,4 0.70312500 0.22187500 0.15000000 0.05781250,pending,
4,bread,12,DSC_6174_JPG,/root/autodl-tmp/visagent/datasets/fridge_original_v1/valid/images/DSC_6174_JPG_jpg.rf.6db7b4ef6eee774c385ce32c8fa70fb7.jpg,4 0.53750000 0.21718750 0.14062500 0.04843750,pending,
4,bread,13,DSC_6069_JPG,/root/autodl-tmp/visagent/datasets/fridge_original_v1/test/images/DSC_6069_JPG_jpg.rf.76197ca4c425436665e440e0fd74207e.jpg,4 0.78125000 0.46250000 0.18125000 0.06250000,pending,
4,bread,14,DSC_6108_JPG,/root/autodl-tmp/visagent/datasets/fridge_original_v1/test/images/DSC_6108_JPG_jpg.rf.cb44f45d773572f2110069c4aa2b5ba7.jpg,4 0.65937500 0.22031250 0.14218750 0.05156250,pending,
4,bread,15,DSC_6175_JPG,/root/autodl-tmp/visagent/datasets/fridge_original_v1/test/images/DSC_6175_JPG_jpg.rf.f592188558957bf9f23e35fec5af7eea.jpg,4 0.52187500 0.21562500 0.13906250 0.05781250,pending,
4,bread,16,DSC_6197_JPG,/root/autodl-tmp/visagent/datasets/fridge_original_v1/test/images/DSC_6197_JPG_jpg.rf.37bddd2230312d39205f958482224de5.jpg,4 0.72656250 0.20312500 0.15312500 0.06562500,pending,
4,bread,17,DSC_5988_JPG,/root/autodl-tmp/visagent/datasets/fridge_original_v1/valid/images/DSC_5988_JPG_jpg.rf.05df2c8a131f7a74c3dc1cd1b58d4899.jpg,4 0.82187500 0.21562500 0.14843750 0.05312500,pending,
4,bread,18,DSC_5969_JPG,/root/autodl-tmp/visagent/datasets/fridge_original_v1/test/images/DSC_5969_JPG_jpg.rf.b8b313467cabf98769c05785a9799e15.jpg,4 0.38125000 0.90312500 0.14687500 0.09687500,pending,
4,bread,19,DSC_5952_JPG,/root/autodl-tmp/visagent/datasets/fridge_original_v1/valid/images/DSC_5952_JPG_jpg.rf.aa92102cca967b8ce8a2ef5c260198d2.jpg,4 0.56250000 0.92343750 0.13437500 0.09062500,pending,
4,bread,20,DSC_6067_JPG,/root/autodl-tmp/visagent/datasets/fridge_original_v1/test/images/DSC_6067_JPG_jpg.rf.ae07bd39e188e497d571d7e39d7e2350.jpg,4 0.40937500 0.22187500 0.17187500 0.05468750,pending,
4,bread,21,DSC_6179_JPG,/root/autodl-tmp/visagent/datasets/fridge_original_v1/valid/images/DSC_6179_JPG_jpg.rf.9bff03152e57a64757e88a3d72d70f85.jpg,4 0.53437500 0.21875000 0.17500000 0.04687500,pending,
4,bread,22,DSC_6070_JPG,/root/autodl-tmp/visagent/datasets/fridge_original_v1/valid/images/DSC_6070_JPG_jpg.rf.07c6181f10bf192620264146bbe91e80.jpg,4 0.78437500 0.45937500 0.19218750 0.05937500,pending,
4,bread,23,DSC_6100_JPG,/root/autodl-tmp/visagent/datasets/fridge_original_v1/test/images/DSC_6100_JPG_jpg.rf.31e3024fae09c69b4cc58da347fa99d6.jpg,4 0.38593750 0.60937500 0.13593750 0.06250000,pending,
4,bread,24,DSC_5984_JPG,/root/autodl-tmp/visagent/datasets/fridge_original_v1/test/images/DSC_5984_JPG_jpg.rf.0233b1a880fab918e40f125f9d1ba70c.jpg,4 0.40937500 0.44531250 0.16718750 0.06250000,pending,
4,bread,25,DSC_5981_JPG,/root/autodl-tmp/visagent/datasets/fridge_original_v1/test/images/DSC_5981_JPG_jpg.rf.ff3a3ac181255b51ae0914002187abbd.jpg,4 0.58437500 0.44687500 0.17968750 0.05625000,pending,
4,bread,26,DSC_6180_JPG,/root/autodl-tmp/visagent/datasets/fridge_original_v1/valid/images/DSC_6180_JPG_jpg.rf.fde27abb931a0dc49931e13c7df87e8b.jpg,4 0.52812500 0.21718750 0.17500000 0.05156250,pending,
4,bread,27,DSC_6126_JPG,/root/autodl-tmp/visagent/datasets/fridge_original_v1/train/images/DSC_6126_JPG_jpg.rf.25114880ff93955ce7df93990b92be70.jpg,4 0.57500000 0.45781250 0.14843750 0.06406250,pending,
4,bread,28,DSC_6000_JPG,/root/autodl-tmp/visagent/datasets/fridge_original_v1/train/images/DSC_6000_JPG_jpg.rf.1a6fd8edabc1a0c7b130fa41ea912270.jpg,4 0.44375000 0.88125000 0.19375000 0.09218750,pending,
4,bread,29,DSC_5995_JPG,/root/autodl-tmp/visagent/datasets/fridge_original_v1/valid/images/DSC_5995_JPG_jpg.rf.68134510e7f6e02d7bf6c058abd5c886.jpg,4 0.78125000 0.45937500 0.16406250 0.06406250,pending,
4,bread,30,DSC_6118_JPG,/root/autodl-tmp/visagent/datasets/fridge_original_v1/test/images/DSC_6118_JPG_jpg.rf.786b2a0a4e7a2a87f665e9952a17bda4.jpg,4 0.80312500 0.60468750 0.17656250 0.06562500,pending,
5,butter,1,DSC_6031_JPG,/root/autodl-tmp/visagent/datasets/fridge_original_v1/test/images/DSC_6031_JPG_jpg.rf.44adbaf119499e158ddf2f2cc602593e.jpg,5 0.53437500 0.83437500 0.16875000 0.11250000,pass,visual_contact_sheet_review_codex_2026-07-16
5,butter,2,DSC_5761_JPG,/root/autodl-tmp/visagent/datasets/fridge_original_v1/test/images/DSC_5761_JPG_jpg.rf.111a839a2937a9f47ac0efbdf42a4f08.jpg,5 0.36562500 0.59687500 0.17343750 0.10000000,pass,visual_contact_sheet_review_codex_2026-07-16
5,butter,3,DSC_5819_JPG,/root/autodl-tmp/visagent/datasets/fridge_original_v1/train/images/DSC_5819_JPG_jpg.rf.264634e09b49210e36944e34520787a3.jpg,5 0.51875000 0.59218750 0.17031250 0.10312500,pass,visual_contact_sheet_review_codex_2026-07-16
5,butter,4,DSC_6152_JPG,/root/autodl-tmp/visagent/datasets/fridge_original_v1/test/images/DSC_6152_JPG_jpg.rf.28e63d1bbb613850d1b8ceb35019c109.jpg,5 0.42656250 0.20312500 0.16250000 0.07656250,pass,visual_contact_sheet_review_codex_2026-07-16
5,butter,5,DSC_6069_JPG,/root/autodl-tmp/visagent/datasets/fridge_original_v1/test/images/DSC_6069_JPG_jpg.rf.76197ca4c425436665e440e0fd74207e.jpg,5 0.77812500 0.85937500 0.16406250 0.10781250,pass,visual_contact_sheet_review_codex_2026-07-16
5,butter,6,DSC_6151_JPG,/root/autodl-tmp/visagent/datasets/fridge_original_v1/test/images/DSC_6151_JPG_jpg.rf.c4c7693eac28b43284d5303fd366e598.jpg,5 0.44218750 0.20000000 0.16718750 0.08437500,pass,visual_contact_sheet_review_codex_2026-07-16
5,butter,7,DSC_6126_JPG,/root/autodl-tmp/visagent/datasets/fridge_original_v1/train/images/DSC_6126_JPG_jpg.rf.25114880ff93955ce7df93990b92be70.jpg,5 0.61562500 0.59218750 0.17031250 0.09687500,pass,visual_contact_sheet_review_codex_2026-07-16
5,butter,8,DSC_5893_JPG,/root/autodl-tmp/visagent/datasets/fridge_original_v1/train/images/DSC_5893_JPG_jpg.rf.15ce619f276bc43a0830b586f6dbcf04.jpg,5 0.76875000 0.21875000 0.20156250 0.08125000,pass,visual_contact_sheet_review_codex_2026-07-16
5,butter,9,DSC_6035_JPG,/root/autodl-tmp/visagent/datasets/fridge_original_v1/train/images/DSC_6035_JPG_jpg.rf.1996b2b001fea0ce834210c710aef75c.jpg,5 0.76250000 0.85781250 0.16093750 0.10937500,pass,visual_contact_sheet_review_codex_2026-07-16
5,butter,10,DSC_5705_JPG,/root/autodl-tmp/visagent/datasets/fridge_original_v1/valid/images/DSC_5705_JPG_jpg.rf.8e457071bc54e2c3282b31bcc029fcdf.jpg,5 0.73437500 0.45000000 0.15312500 0.09062500,pass,visual_contact_sheet_review_codex_2026-07-16
5,butter,11,DSC_5863_JPG,/root/autodl-tmp/visagent/datasets/fridge_original_v1/train/images/DSC_5863_JPG_jpg.rf.189d429d25999816398cff4dd752e268.jpg,5 0.40000000 0.42031250 0.14843750 0.05312500,pass,visual_contact_sheet_review_codex_2026-07-16
5,butter,12,DSC_6145_JPG,/root/autodl-tmp/visagent/datasets/fridge_original_v1/valid/images/DSC_6145_JPG_jpg.rf.5ee6309d08e89130b848b8c7585ac3cb.jpg,5 0.51718750 0.43437500 0.15781250 0.08906250,pass,visual_contact_sheet_review_codex_2026-07-16
5,butter,13,DSC_5724_JPG,/root/autodl-tmp/visagent/datasets/fridge_original_v1/test/images/DSC_5724_JPG_jpg.rf.02b21ec0627bc50a0dda65f3079e14ea.jpg,5 0.38593750 0.58750000 0.16875000 0.09531250,pass,visual_contact_sheet_review_codex_2026-07-16
5,butter,14,DSC_5897_JPG,/root/autodl-tmp/visagent/datasets/fridge_original_v1/train/images/DSC_5897_JPG_jpg.rf.0091003621d6332df1ee79fdb3f2618a.jpg,5 0.72187500 0.19062500 0.15156250 0.07968750,pass,visual_contact_sheet_review_codex_2026-07-16
5,butter,15,DSC_6141_JPG,/root/autodl-tmp/visagent/datasets/fridge_original_v1/valid/images/DSC_6141_JPG_jpg.rf.96a72859cc22cca96dc164d8193b7747.jpg,5 0.61875000 0.87187500 0.16093750 0.11250000,pass,visual_contact_sheet_review_codex_2026-07-16
5,butter,16,DSC_6029_JPG,/root/autodl-tmp/visagent/datasets/fridge_original_v1/train/images/DSC_6029_JPG_jpg.rf.1ed4ac5c6c3f41ed502c0a126d79ceb1.jpg,5 0.72812500 0.87812500 0.16562500 0.12031250,pass,visual_contact_sheet_review_codex_2026-07-16
5,butter,17,DSC_5894_JPG,/root/autodl-tmp/visagent/datasets/fridge_original_v1/train/images/DSC_5894_JPG_jpg.rf.1124c9803e34b9a5d1d2130909c41c20.jpg,5 0.73750000 0.19687500 0.21406250 0.08281250,pass,visual_contact_sheet_review_codex_2026-07-16
5,butter,18,DSC_5712_JPG,/root/autodl-tmp/visagent/datasets/fridge_original_v1/test/images/DSC_5712_JPG_jpg.rf.d5377fa28db29284b4a5c784c4142bdc.jpg,5 0.50781250 0.20312500 0.19531250 0.08750000,pass,visual_contact_sheet_review_codex_2026-07-16
5,butter,19,DSC_5722_JPG,/root/autodl-tmp/visagent/datasets/fridge_original_v1/test/images/DSC_5722_JPG_jpg.rf.3e42fd95fe1716c2d8d8ac6692a1f75e.jpg,5 0.38906250 0.59062500 0.17187500 0.09062500,pass,visual_contact_sheet_review_codex_2026-07-16
5,butter,20,DSC_5823_JPG,/root/autodl-tmp/visagent/datasets/fridge_original_v1/test/images/DSC_5823_JPG_jpg.rf.27bb782732deb4888e9f3551bd09de17.jpg,5 0.39375000 0.43437500 0.17968750 0.09375000,pass,visual_contact_sheet_review_codex_2026-07-16
5,butter,21,DSC_6129_JPG,/root/autodl-tmp/visagent/datasets/fridge_original_v1/train/images/DSC_6129_JPG_jpg.rf.0a9d89cd04d31302ccd08c3a066e5bea.jpg,5 0.76562500 0.45000000 0.17500000 0.09375000,pass,visual_contact_sheet_review_codex_2026-07-16
5,butter,22,DSC_5708_JPG,/root/autodl-tmp/visagent/datasets/fridge_original_v1/train/images/DSC_5708_JPG_jpg.rf.36f751fa45e7fbb89429260737067b4e.jpg,5 0.48750000 0.20312500 0.19531250 0.08125000,pass,visual_contact_sheet_review_codex_2026-07-16
5,butter,23,DSC_5686_JPG,/root/autodl-tmp/visagent/datasets/fridge_original_v1/valid/images/DSC_5686_JPG_jpg.rf.bb395cc9f94ac3972415de33597e0c9c.jpg,5 0.68437500 0.82500000 0.16093750 0.08906250,pass,visual_contact_sheet_review_codex_2026-07-16
5,butter,24,DSC_6110_JPG,/root/autodl-tmp/visagent/datasets/fridge_original_v1/test/images/DSC_6110_JPG_jpg.rf.9a817d729b0dbf7f950626ce4bf4b5c7.jpg,5 0.42343750 0.86250000 0.15625000 0.10625000,pass,visual_contact_sheet_review_codex_2026-07-16
5,butter,25,DSC_5717_JPG,/root/autodl-tmp/visagent/datasets/fridge_original_v1/test/images/DSC_5717_JPG_jpg.rf.d6f26c3677be5bb7daa6f6788d67e37f.jpg,5 0.59062500 0.58593750 0.16250000 0.09218750,pass,visual_contact_sheet_review_codex_2026-07-16
5,butter,26,DSC_6033_JPG,/root/autodl-tmp/visagent/datasets/fridge_original_v1/train/images/DSC_6033_JPG_jpg.rf.0f67a27fa694c2d5e75b890e1ebb8c03.jpg,5 0.75312500 0.86406250 0.16250000 0.10937500,pass,visual_contact_sheet_review_codex_2026-07-16
5,butter,27,DSC_5831_JPG,/root/autodl-tmp/visagent/datasets/fridge_original_v1/train/images/DSC_5831_JPG_jpg.rf.0df9d9a28ca1cbc9f7d4a45e137669fd.jpg,5 0.61562500 0.89687500 0.17656250 0.13125000,pass,visual_contact_sheet_review_codex_2026-07-16
5,butter,28,DSC_6054_JPG,/root/autodl-tmp/visagent/datasets/fridge_original_v1/test/images/DSC_6054_JPG_jpg.rf.73adcedc0b2199c2694c0a6584b29790.jpg,5 0.78750000 0.88125000 0.16406250 0.11093750,pass,visual_contact_sheet_review_codex_2026-07-16
5,butter,29,DSC_5723_JPG,/root/autodl-tmp/visagent/datasets/fridge_original_v1/test/images/DSC_5723_JPG_jpg.rf.5d083eee910b4563b588a690960212ed.jpg,5 0.38906250 0.59375000 0.16875000 0.09375000,pass,visual_contact_sheet_review_codex_2026-07-16
5,butter,30,DSC_5725_JPG,/root/autodl-tmp/visagent/datasets/fridge_original_v1/test/images/DSC_5725_JPG_jpg.rf.5d9d7bc75b5565c491a7f409c3e31ad9.jpg,5 0.39062500 0.59687500 0.17031250 0.10156250,pass,visual_contact_sheet_review_codex_2026-07-16
6,carrot,1,DSC_6142_JPG,/root/autodl-tmp/visagent/datasets/fridge_original_v1/train/images/DSC_6142_JPG_jpg.rf.73b786bcf6b837ef81f5890e940e9098.jpg,6 0.57812500 0.45625000 0.12343750 0.05781250,pass,visual_contact_sheet_review_codex_2026-07-16
6,carrot,2,DSC_6164_JPG,/root/autodl-tmp/visagent/datasets/fridge_original_v1/valid/images/DSC_6164_JPG_jpg.rf.792481e35e0853b566b45cef5d70c68c.jpg,6 0.46250000 0.46250000 0.24531250 0.04843750,pass,visual_contact_sheet_review_codex_2026-07-16
6,carrot,3,DSC_5683_JPG,/root/autodl-tmp/visagent/datasets/fridge_original_v1/valid/images/DSC_5683_JPG_jpg.rf.a9261e3656ab7deb26a635c5610a46a7.jpg,6 0.53125000 0.46093750 0.19218750 0.05937500,pass,visual_contact_sheet_review_codex_2026-07-16
6,carrot,4,DSC_5682_JPG,/root/autodl-tmp/visagent/datasets/fridge_original_v1/test/images/DSC_5682_JPG_jpg.rf.a9e732a27fda9d66e655b5a0fd9b5db9.jpg,6 0.53437500 0.46562500 0.18437500 0.06562500,pass,visual_contact_sheet_review_codex_2026-07-16
6,carrot,5,DSC_6104_JPG,/root/autodl-tmp/visagent/datasets/fridge_original_v1/test/images/DSC_6104_JPG_jpg.rf.0e292d9448cd9167bff78133c4745463.jpg,6 0.66093750 0.23593750 0.16875000 0.02031250,pass,visual_contact_sheet_review_codex_2026-07-16
6,carrot,6,DSC_5804_JPG,/root/autodl-tmp/visagent/datasets/fridge_original_v1/valid/images/DSC_5804_JPG_jpg.rf.1344600ffd9d723bcaa301851159850a.jpg,6 0.69218750 0.46093750 0.23906250 0.06875000,pass,visual_contact_sheet_review_codex_2026-07-16
6,carrot,7,DSC_5812_JPG,/root/autodl-tmp/visagent/datasets/fridge_original_v1/valid/images/DSC_5812_JPG_jpg.rf.69e50f44df70bbb3ab3b917a59acd06f.jpg,6 0.65625000 0.22187500 0.17968750 0.04375000,pass,visual_contact_sheet_review_codex_2026-07-16
6,carrot,8,DSC_6114_JPG,/root/autodl-tmp/visagent/datasets/fridge_original_v1/valid/images/DSC_6114_JPG_jpg.rf.075a0c6d1c27eb132c206ed8390acf35.jpg,6 0.41562500 0.22812500 0.20468750 0.04531250,pass,visual_contact_sheet_review_codex_2026-07-16
6,carrot,9,DSC_5713_JPG,/root/autodl-tmp/visagent/datasets/fridge_original_v1/test/images/DSC_5713_JPG_jpg.rf.d8a6a885c4b826d0853763987f929b65.jpg,6 0.54218750 0.45937500 0.20000000 0.07343750,pass,visual_contact_sheet_review_codex_2026-07-16
6,carrot,10,DSC_5820_JPG,/root/autodl-tmp/visagent/datasets/fridge_original_v1/train/images/DSC_5820_JPG_jpg.rf.018bb71a0d641cfdd778d2336b412d5a.jpg,6 0.51562500 0.89062500 0.12500000 0.09687500,pass,visual_contact_sheet_review_codex_2026-07-16
6,carrot,11,DSC_5733_JPG,/root/autodl-tmp/visagent/datasets/fridge_original_v1/valid/images/DSC_5733_JPG_jpg.rf.a75d4f343ab76505948baa2c11c52e1c.jpg,6 0.38593750 0.22187500 0.20937500 0.05312500,pass,visual_contact_sheet_review_codex_2026-07-16
6,carrot,12,DSC_5762_JPG,/root/autodl-tmp/visagent/datasets/fridge_original_v1/train/images/DSC_5762_JPG_jpg.rf.03b650cc2c419a310f5b80a3ea3bdc1f.jpg,6 0.77343750 0.61250000 0.17968750 0.07812500,pass,visual_contact_sheet_review_codex_2026-07-16
6,carrot,13,DSC_5953_JPG,/root/autodl-tmp/visagent/datasets/fridge_original_v1/valid/images/DSC_5953_JPG_jpg.rf.a2091b0bd0b3b4a0bccd1d20611bbb8d.jpg,6 0.65625000 0.22812500 0.19062500 0.03593750,pass,visual_contact_sheet_review_codex_2026-07-16
6,carrot,14,DSC_5943_JPG,/root/autodl-tmp/visagent/datasets/fridge_original_v1/train/images/DSC_5943_JPG_jpg.rf.081af9552e6ab38dd1e12a1749c8eaba.jpg,6 0.73750000 0.47187500 0.15312500 0.06250000,pass,visual_contact_sheet_review_codex_2026-07-16
6,carrot,15,DSC_6095_JPG,/root/autodl-tmp/visagent/datasets/fridge_original_v1/test/images/DSC_6095_JPG_jpg.rf.c8fb65350f490944ac68ecf2443c55dc.jpg,6 0.55312500 0.46250000 0.20937500 0.04687500,pass,visual_contact_sheet_review_codex_2026-07-16
6,carrot,16,DSC_5722_JPG,/root/autodl-tmp/visagent/datasets/fridge_original_v1/test/images/DSC_5722_JPG_jpg.rf.3e42fd95fe1716c2d8d8ac6692a1f75e.jpg,6 0.50937500 0.22187500 0.22656250 0.05156250,pass,visual_contact_sheet_review_codex_2026-07-16
6,carrot,17,DSC_6107_JPG,/root/autodl-tmp/visagent/datasets/fridge_original_v1/test/images/DSC_6107_JPG_jpg.rf.b5178776483c300e5dbafc018b7731ab.jpg,6 0.66093750 0.23593750 0.16875000 0.02031250,pass,visual_contact_sheet_review_codex_2026-07-16
6,carrot,18,DSC_6034_JPG,/root/autodl-tmp/visagent/datasets/fridge_original_v1/test/images/DSC_6034_JPG_jpg.rf.1e5ca6d6b971779bca1a3188dd901f1d.jpg,6 0.66875000 0.22500000 0.24062500 0.03750000,pass,visual_contact_sheet_review_codex_2026-07-16
6,carrot,19,DSC_5985_JPG,/root/autodl-tmp/visagent/datasets/fridge_original_v1/test/images/DSC_5985_JPG_jpg.rf.b75a2208445df734c7f899e1b7c626e4.jpg,6 0.80625000 0.45625000 0.15937500 0.06093750,pass,visual_contact_sheet_review_codex_2026-07-16
6,carrot,20,DSC_6036_JPG,/root/autodl-tmp/visagent/datasets/fridge_original_v1/train/images/DSC_6036_JPG_jpg.rf.29acdab7b0985d3db2ca9a8e14761182.jpg,6 0.77031250 0.22656250 0.19843750 0.05468750,pass,visual_contact_sheet_review_codex_2026-07-16
6,carrot,21,DSC_6132_JPG,/root/autodl-tmp/visagent/datasets/fridge_original_v1/train/images/DSC_6132_JPG_jpg.rf.17d02c0bb5349a1558430702fff68dac.jpg,6 0.51875000 0.87031250 0.14531250 0.09062500,pass,visual_contact_sheet_review_codex_2026-07-16
6,carrot,22,DSC_5825_JPG,/root/autodl-tmp/visagent/datasets/fridge_original_v1/valid/images/DSC_5825_JPG_jpg.rf.8dc2005e8bb3fdb8a997d29c7814d916.jpg,6 0.37812500 0.88437500 0.17812500 0.12343750,pass,visual_contact_sheet_review_codex_2026-07-16
6,carrot,23,DSC_5868_JPG,/root/autodl-tmp/visagent/datasets/fridge_original_v1/train/images/DSC_5868_JPG_jpg.rf.02f2bd85cfaf074f5ae63e93feda8159.jpg,6 0.56250000 0.60937500 0.21562500 0.08437500,pass,visual_contact_sheet_review_codex_2026-07-16
6,carrot,24,DSC_6129_JPG,/root/autodl-tmp/visagent/datasets/fridge_original_v1/train/images/DSC_6129_JPG_jpg.rf.0a9d89cd04d31302ccd08c3a066e5bea.jpg,6 0.69687500 0.88437500 0.12812500 0.10468750,pass,visual_contact_sheet_review_codex_2026-07-16
6,carrot,25,DSC_6094_JPG,/root/autodl-tmp/visagent/datasets/fridge_original_v1/valid/images/DSC_6094_JPG_jpg.rf.e2bb5ce494fdd975c4d466ad5c73f9b1.jpg,6 0.55000000 0.46562500 0.20000000 0.06562500,pass,visual_contact_sheet_review_codex_2026-07-16
6,carrot,26,DSC_5711_JPG,/root/autodl-tmp/visagent/datasets/fridge_original_v1/test/images/DSC_5711_JPG_jpg.rf.59fb1aa3e9705871ec68043e10699d83.jpg,6 0.54062500 0.45625000 0.19843750 0.07812500,pass,visual_contact_sheet_review_codex_2026-07-16
6,carrot,27,DSC_5877_JPG,/root/autodl-tmp/visagent/datasets/fridge_original_v1/test/images/DSC_5877_JPG_jpg.rf.e451695cd80c5c5fa654d90ceb58eb93.jpg,6 0.55312500 0.61250000 0.22500000 0.07500000,pass,visual_contact_sheet_review_codex_2026-07-16
6,carrot,28,DSC_6106_JPG,/root/autodl-tmp/visagent/datasets/fridge_original_v1/test/images/DSC_6106_JPG_jpg.rf.30bfdff8391374dc5eddfbd5c26d6928.jpg,6 0.66093750 0.23593750 0.16875000 0.02031250,pass,visual_contact_sheet_review_codex_2026-07-16
6,carrot,29,DSC_5728_JPG,/root/autodl-tmp/visagent/datasets/fridge_original_v1/test/images/DSC_5728_JPG_jpg.rf.e53f66d40a2b7a18a8817d3c8d72e8c2.jpg,6 0.51093750 0.22187500 0.22343750 0.06093750,pass,visual_contact_sheet_review_codex_2026-07-16
6,carrot,30,DSC_5773_JPG,/root/autodl-tmp/visagent/datasets/fridge_original_v1/test/images/DSC_5773_JPG_jpg.rf.62bf416f36e4bb4f1301560dee8829d3.jpg,6 0.73906250 0.62343750 0.23281250 0.06875000,pass,visual_contact_sheet_review_codex_2026-07-16
7,cheese,1,DSC_5981_JPG,/root/autodl-tmp/visagent/datasets/fridge_original_v1/test/images/DSC_5981_JPG_jpg.rf.ff3a3ac181255b51ae0914002187abbd.jpg,7 0.56718750 0.21875000 0.10000000 0.05156250,pass,visual_contact_sheet_review_codex_2026-07-16
7,cheese,2,DSC_5828_JPG,/root/autodl-tmp/visagent/datasets/fridge_original_v1/train/images/DSC_5828_JPG_jpg.rf.049aeaf037e9992dfbd2e866ab61486e.jpg,7 0.53281250 0.59843750 0.14062500 0.06406250,pass,visual_contact_sheet_review_codex_2026-07-16
7,cheese,3,DSC_5963_JPG,/root/autodl-tmp/visagent/datasets/fridge_original_v1/test/images/DSC_5963_JPG_jpg.rf.2b9024b74d720b70c14095696084d820.jpg,7 0.39375000 0.87187500 0.13437500 0.06562500,pass,visual_contact_sheet_review_codex_2026-07-16
7,cheese,4,DSC_5820_JPG,/root/autodl-tmp/visagent/datasets/fridge_original_v1/train/images/DSC_5820_JPG_jpg.rf.018bb71a0d641cfdd778d2336b412d5a.jpg,7 0.69218750 0.59375000 0.14375000 0.06406250,pass,visual_contact_sheet_review_codex_2026-07-16
7,cheese,5,DSC_6145_JPG,/root/autodl-tmp/visagent/datasets/fridge_original_v1/valid/images/DSC_6145_JPG_jpg.rf.5ee6309d08e89130b848b8c7585ac3cb.jpg,7 0.44375000 0.45468750 0.10468750 0.04531250,pass,visual_contact_sheet_review_codex_2026-07-16
7,cheese,6,DSC_6122_JPG,/root/autodl-tmp/visagent/datasets/fridge_original_v1/train/images/DSC_6122_JPG_jpg.rf.122df02afbf4b92a017aa5ceea59f212.jpg,7 0.81250000 0.46093750 0.13750000 0.05937500,pass,visual_contact_sheet_review_codex_2026-07-16
7,cheese,7,DSC_5923_JPG,/root/autodl-tmp/visagent/datasets/fridge_original_v1/test/images/DSC_5923_JPG_jpg.rf.4768192d35d387dd7ebfda128fbd2a3e.jpg,7 0.66093750 0.43437500 0.08125000 0.06250000,pass,visual_contact_sheet_review_codex_2026-07-16
7,cheese,8,DSC_6080_JPG,/root/autodl-tmp/visagent/datasets/fridge_original_v1/test/images/DSC_6080_JPG_jpg.rf.e3cb5a7971675fa6f3687c44c5fbb6da.jpg,7 0.43750000 0.45000000 0.07968750 0.05937500,pass,visual_contact_sheet_review_codex_2026-07-16
7,cheese,9,DSC_6043_JPG,/root/autodl-tmp/visagent/datasets/fridge_original_v1/test/images/DSC_6043_JPG_jpg.rf.eba0befc4edd6f7b1d39baebfa894de5.jpg,7 0.53437500 0.59687500 0.14375000 0.06406250,pass,visual_contact_sheet_review_codex_2026-07-16
7,cheese,10,DSC_5912_JPG,/root/autodl-tmp/visagent/datasets/fridge_original_v1/test/images/DSC_5912_JPG_jpg.rf.640d16421aab66610fdc42ef254b0814.jpg,7 0.43281250 0.45468750 0.14375000 0.06562500,pass,visual_contact_sheet_review_codex_2026-07-16
7,cheese,11,DSC_5736_JPG,/root/autodl-tmp/visagent/datasets/fridge_original_v1/valid/images/DSC_5736_JPG_jpg.rf.3ed6fdc218d5c4d77b6341de5ce15e24.jpg,7 0.54687500 0.45625000 0.14062500 0.05625000,pass,visual_contact_sheet_review_codex_2026-07-16
7,cheese,12,DSC_5724_JPG,/root/autodl-tmp/visagent/datasets/fridge_original_v1/test/images/DSC_5724_JPG_jpg.rf.02b21ec0627bc50a0dda65f3079e14ea.jpg,7 0.37500000 0.45000000 0.09531250 0.06406250,pass,visual_contact_sheet_review_codex_2026-07-16
7,cheese,13,DSC_6055_JPG,/root/autodl-tmp/visagent/datasets/fridge_original_v1/train/images/DSC_6055_JPG_jpg.rf.0ab1802c7075ee064d32a830d053eec9.jpg,7 0.75312500 0.45000000 0.07343750 0.05625000,pass,visual_contact_sheet_review_codex_2026-07-16
7,cheese,14,DSC_6121_JPG,/root/autodl-tmp/visagent/datasets/fridge_original_v1/test/images/DSC_6121_JPG_jpg.rf.a99cea4d60c1ecaf8d2914388bdbf6a4.jpg,7 0.81250000 0.45625000 0.13750000 0.05625000,pass,visual_contact_sheet_review_codex_2026-07-16
7,cheese,15,DSC_6042_JPG,/root/autodl-tmp/visagent/datasets/fridge_original_v1/valid/images/DSC_6042_JPG_jpg.rf.49c41b298d2706984682e5ebd616f075.jpg,7 0.52500000 0.59687500 0.13593750 0.06093750,pass,visual_contact_sheet_review_codex_2026-07-16
7,cheese,16,DSC_5819_JPG,/root/autodl-tmp/visagent/datasets/fridge_original_v1/train/images/DSC_5819_JPG_jpg.rf.264634e09b49210e36944e34520787a3.jpg,7 0.69375000 0.60937500 0.14375000 0.06406250,pass,visual_contact_sheet_review_codex_2026-07-16
7,cheese,17,DSC_5973_JPG,/root/autodl-tmp/visagent/datasets/fridge_original_v1/train/images/DSC_5973_JPG_jpg.rf.15a0865972aa4a3a2d3bf53fb273314a.jpg,7 0.76718750 0.88125000 0.09218750 0.08281250,pass,visual_contact_sheet_review_codex_2026-07-16
7,cheese,18,DSC_5848_JPG,/root/autodl-tmp/visagent/datasets/fridge_original_v1/test/images/DSC_5848_JPG_jpg.rf.256589efe130ae6d2ade343dd27aad7e.jpg,7 0.40937500 0.45625000 0.12968750 0.06093750,pass,visual_contact_sheet_review_codex_2026-07-16
7,cheese,19,DSC_5889_JPG,/root/autodl-tmp/visagent/datasets/fridge_original_v1/test/images/DSC_5889_JPG_jpg.rf.20ac8ad7868534f166cfc9d18b287408.jpg,7 0.58281250 0.21093750 0.09687500 0.05468750,pass,visual_contact_sheet_review_codex_2026-07-16
7,cheese,20,DSC_5972_JPG,/root/autodl-tmp/visagent/datasets/fridge_original_v1/test/images/DSC_5972_JPG_jpg.rf.3b9caf377ec257cbe176324c22055e57.jpg,7 0.75312500 0.89062500 0.09062500 0.08125000,pass,visual_contact_sheet_review_codex_2026-07-16
7,cheese,21,DSC_5705_JPG,/root/autodl-tmp/visagent/datasets/fridge_original_v1/valid/images/DSC_5705_JPG_jpg.rf.8e457071bc54e2c3282b31bcc029fcdf.jpg,7 0.56250000 0.59375000 0.09843750 0.06562500,pass,visual_contact_sheet_review_codex_2026-07-16
7,cheese,22,DSC_5984_JPG,/root/autodl-tmp/visagent/datasets/fridge_original_v1/test/images/DSC_5984_JPG_jpg.rf.0233b1a880fab918e40f125f9d1ba70c.jpg,7 0.55156250 0.21562500 0.14375000 0.05468750,pass,visual_contact_sheet_review_codex_2026-07-16
7,cheese,23,DSC_5760_JPG,/root/autodl-tmp/visagent/datasets/fridge_original_v1/test/images/DSC_5760_JPG_jpg.rf.24c83f7169a2ab75158311b21d8570b3.jpg,7 0.62656250 0.45312500 0.16875000 0.07500000,pass,visual_contact_sheet_review_codex_2026-07-16
7,cheese,24,DSC_6093_JPG,/root/autodl-tmp/visagent/datasets/fridge_original_v1/test/images/DSC_6093_JPG_jpg.rf.2b38aceea4fb7f304f99c742d8574753.jpg,7 0.59375000 0.59062500 0.10781250 0.05625000,pass,visual_contact_sheet_review_codex_2026-07-16
7,cheese,25,DSC_5980_JPG,/root/autodl-tmp/visagent/datasets/fridge_original_v1/test/images/DSC_5980_JPG_jpg.rf.7b4f3b9a47e0730e243ac6db93a6af8a.jpg,7 0.56093750 0.21718750 0.10000000 0.05000000,pass,visual_contact_sheet_review_codex_2026-07-16
7,cheese,26,DSC_6153_JPG,/root/autodl-tmp/visagent/datasets/fridge_original_v1/test/images/DSC_6153_JPG_jpg.rf.6049b0a67bc2eed1d518b6a9b8892afe.jpg,7 0.61250000 0.21562500 0.11875000 0.04687500,pass,visual_contact_sheet_review_codex_2026-07-16
7,cheese,27,DSC_5761_JPG,/root/autodl-tmp/visagent/datasets/fridge_original_v1/test/images/DSC_5761_JPG_jpg.rf.111a839a2937a9f47ac0efbdf42a4f08.jpg,7 0.62500000 0.45937500 0.15468750 0.06406250,pass,visual_contact_sheet_review_codex_2026-07-16
7,cheese,28,DSC_5721_JPG,/root/autodl-tmp/visagent/datasets/fridge_original_v1/test/images/DSC_5721_JPG_jpg.rf.f206593e94a568c7a9b245aef8926eb8.jpg,7 0.72656250 0.21406250 0.08593750 0.04062500,pass,visual_contact_sheet_review_codex_2026-07-16
7,cheese,29,DSC_6182_JPG,/root/autodl-tmp/visagent/datasets/fridge_original_v1/valid/images/DSC_6182_JPG_jpg.rf.4d479b365ecc3712550b69e81b3f9fa9.jpg,7 0.51093750 0.20937500 0.14062500 0.04375000,pass,visual_contact_sheet_review_codex_2026-07-16
7,cheese,30,DSC_6115_JPG,/root/autodl-tmp/visagent/datasets/fridge_original_v1/test/images/DSC_6115_JPG_jpg.rf.098677b6ac4f43fb30b014c54bfd08ec.jpg,7 0.41875000 0.45000000 0.13906250 0.05000000,pass,visual_contact_sheet_review_codex_2026-07-16
8,chicken,1,DSC_5822_JPG,/root/autodl-tmp/visagent/datasets/fridge_original_v1/test/images/DSC_5822_JPG_jpg.rf.9feec5d1007abbeb279141b990530ca5.jpg,8 0.54687500 0.88125000 0.19218750 0.11562500,pass,visual_contact_sheet_review_codex_2026-07-16
8,chicken,2,DSC_5988_JPG,/root/autodl-tmp/visagent/datasets/fridge_original_v1/valid/images/DSC_5988_JPG_jpg.rf.05df2c8a131f7a74c3dc1cd1b58d4899.jpg,8 0.78437500 0.44687500 0.17656250 0.07500000,pass,visual_contact_sheet_review_codex_2026-07-16
8,chicken,3,DSC_5777_JPG,/root/autodl-tmp/visagent/datasets/fridge_original_v1/test/images/DSC_5777_JPG_jpg.rf.2294706b76b934c4c55876ca45e43e51.jpg,8 0.42343750 0.20625000 0.20781250 0.08750000,pass,visual_contact_sheet_review_codex_2026-07-16
8,chicken,4,DSC_6119_JPG,/root/autodl-tmp/visagent/datasets/fridge_original_v1/test/images/DSC_6119_JPG_jpg.rf.03337c60a22658e7915203356e45edc3.jpg,8 0.45937500 0.59375000 0.19062500 0.08593750,pass,visual_contact_sheet_review_codex_2026-07-16
8,chicken,5,DSC_6117_JPG,/root/autodl-tmp/visagent/datasets/fridge_original_v1/valid/images/DSC_6117_JPG_jpg.rf.f2c388622207191a73caee332b5febc5.jpg,8 0.45312500 0.59531250 0.16718750 0.08281250,pass,visual_contact_sheet_review_codex_2026-07-16
8,chicken,6,DSC_6101_JPG,/root/autodl-tmp/visagent/datasets/fridge_original_v1/valid/images/DSC_6101_JPG_jpg.rf.1a58654902c8ef14bdf0eb977fdd2ddd.jpg,8 0.75000000 0.59062500 0.17812500 0.06875000,pass,visual_contact_sheet_review_codex_2026-07-16
8,chicken,7,DSC_6108_JPG,/root/autodl-tmp/visagent/datasets/fridge_original_v1/test/images/DSC_6108_JPG_jpg.rf.cb44f45d773572f2110069c4aa2b5ba7.jpg,8 0.42031250 0.59375000 0.19062500 0.09218750,pass,visual_contact_sheet_review_codex_2026-07-16
8,chicken,8,DSC_5790_JPG,/root/autodl-tmp/visagent/datasets/fridge_original_v1/valid/images/DSC_5790_JPG_jpg.rf.c8c4d2038843938fdb44fe94df595485.jpg,8 0.69375000 0.60156250 0.27812500 0.09843750,pass,visual_contact_sheet_review_codex_2026-07-16
8,chicken,9,DSC_5901_JPG,/root/autodl-tmp/visagent/datasets/fridge_original_v1/test/images/DSC_5901_JPG_jpg.rf.035465db9104056451ba1f23b7db2d45.jpg,8 0.74218750 0.89062500 0.20000000 0.12187500,pass,visual_contact_sheet_review_codex_2026-07-16
8,chicken,10,DSC_5729_JPG,/root/autodl-tmp/visagent/datasets/fridge_original_v1/train/images/DSC_5729_JPG_jpg.rf.16fa4a9b2dcea5a48a160867a4c9c976.jpg,8 0.73125000 0.58125000 0.21093750 0.09531250,pass,visual_contact_sheet_review_codex_2026-07-16
8,chicken,11,DSC_5720_JPG,/root/autodl-tmp/visagent/datasets/fridge_original_v1/test/images/DSC_5720_JPG_jpg.rf.dce9276299c9949065e1a75d80640030.jpg,8 0.72500000 0.59687500 0.21406250 0.09531250,pass,visual_contact_sheet_review_codex_2026-07-16
8,chicken,12,DSC_5903_JPG,/root/autodl-tmp/visagent/datasets/fridge_original_v1/train/images/DSC_5903_JPG_jpg.rf.003bf70058e5a354b404912ffffe3c73.jpg,8 0.75937500 0.87812500 0.19375000 0.11875000,pass,visual_contact_sheet_review_codex_2026-07-16
8,chicken,13,DSC_5820_JPG,/root/autodl-tmp/visagent/datasets/fridge_original_v1/train/images/DSC_5820_JPG_jpg.rf.018bb71a0d641cfdd778d2336b412d5a.jpg,8 0.75000000 0.19375000 0.22187500 0.08593750,pass,visual_contact_sheet_review_codex_2026-07-16
8,chicken,14,DSC_5679_JPG,/root/autodl-tmp/visagent/datasets/fridge_original_v1/valid/images/DSC_5679_JPG_jpg.rf.6bae81af4d7a9fa98e149634e03e9d92.jpg,8 0.36562500 0.44687500 0.19062500 0.08593750,pass,visual_contact_sheet_review_codex_2026-07-16
8,chicken,15,DSC_5841_JPG,/root/autodl-tmp/visagent/datasets/fridge_original_v1/test/images/DSC_5841_JPG_jpg.rf.fdedce3bdff3521c75d225996613ed26.jpg,8 0.75937500 0.60000000 0.20156250 0.10312500,pass,visual_contact_sheet_review_codex_2026-07-16
8,chicken,16,DSC_5990_JPG,/root/autodl-tmp/visagent/datasets/fridge_original_v1/test/images/DSC_5990_JPG_jpg.rf.8b0208bcaf107fe646299bc6c8dc36c0.jpg,8 0.72812500 0.58593750 0.28125000 0.09062500,pass,visual_contact_sheet_review_codex_2026-07-16
8,chicken,17,DSC_5719_JPG,/root/autodl-tmp/visagent/datasets/fridge_original_v1/test/images/DSC_5719_JPG_jpg.rf.0063cd95630bff52c7a2acad8b362b9c.jpg,8 0.72500000 0.59687500 0.21718750 0.10156250,pass,visual_contact_sheet_review_codex_2026-07-16
8,chicken,18,DSC_5847_JPG,/root/autodl-tmp/visagent/datasets/fridge_original_v1/test/images/DSC_5847_JPG_jpg.rf.5038270abab5f68a86ddb75a79a368c6.jpg,8 0.75000000 0.60781250 0.20937500 0.09843750,pass,visual_contact_sheet_review_codex_2026-07-16
8,chicken,19,DSC_5863_JPG,/root/autodl-tmp/visagent/datasets/fridge_original_v1/train/images/DSC_5863_JPG_jpg.rf.189d429d25999816398cff4dd752e268.jpg,8 0.75625000 0.59375000 0.20781250 0.10468750,pass,visual_contact_sheet_review_codex_2026-07-16
8,chicken,20,DSC_5871_JPG,/root/autodl-tmp/visagent/datasets/fridge_original_v1/train/images/DSC_5871_JPG_jpg.rf.1751cc85a4f23e21ab4effeca6b119b4.jpg,8 0.75937500 0.59687500 0.20937500 0.09843750,pass,visual_contact_sheet_review_codex_2026-07-16
8,chicken,21,DSC_5944_JPG,/root/autodl-tmp/visagent/datasets/fridge_original_v1/valid/images/DSC_5944_JPG_jpg.rf.1b410510157bfe9a72a5ea1ce2b42a09.jpg,8 0.71250000 0.59531250 0.22968750 0.09062500,pass,visual_contact_sheet_review_codex_2026-07-16
8,chicken,22,DSC_6114_JPG,/root/autodl-tmp/visagent/datasets/fridge_original_v1/valid/images/DSC_6114_JPG_jpg.rf.075a0c6d1c27eb132c206ed8390acf35.jpg,8 0.42812500 0.87187500 0.17500000 0.10468750,pass,visual_contact_sheet_review_codex_2026-07-16
8,chicken,23,DSC_5730_JPG,/root/autodl-tmp/visagent/datasets/fridge_original_v1/valid/images/DSC_5730_JPG_jpg.rf.7bc5dc4d5d0fadb5f7b6911fd9fba9c5.jpg,8 0.73437500 0.58906250 0.19687500 0.08906250,pass,visual_contact_sheet_review_codex_2026-07-16
8,chicken,24,DSC_6034_JPG,/root/autodl-tmp/visagent/datasets/fridge_original_v1/test/images/DSC_6034_JPG_jpg.rf.1e5ca6d6b971779bca1a3188dd901f1d.jpg,8 0.55937500 0.87031250 0.18593750 0.12031250,pass,visual_contact_sheet_review_codex_2026-07-16
8,chicken,25,DSC_5859_JPG,/root/autodl-tmp/visagent/datasets/fridge_original_v1/train/images/DSC_5859_JPG_jpg.rf.001782c8b60bfc8c0cf4720ab2fdd800.jpg,8 0.75312500 0.60000000 0.21562500 0.09531250,pass,visual_contact_sheet_review_codex_2026-07-16
8,chicken,26,DSC_5724_JPG,/root/autodl-tmp/visagent/datasets/fridge_original_v1/test/images/DSC_5724_JPG_jpg.rf.02b21ec0627bc50a0dda65f3079e14ea.jpg,8 0.72812500 0.59062500 0.22187500 0.09062500,pass,visual_contact_sheet_review_codex_2026-07-16
8,chicken,27,DSC_6111_JPG,/root/autodl-tmp/visagent/datasets/fridge_original_v1/test/images/DSC_6111_JPG_jpg.rf.14b842d4ea498376cad1821737d36bc8.jpg,8 0.41875000 0.59375000 0.17656250 0.09531250,pass,visual_contact_sheet_review_codex_2026-07-16
8,chicken,28,DSC_5981_JPG,/root/autodl-tmp/visagent/datasets/fridge_original_v1/test/images/DSC_5981_JPG_jpg.rf.ff3a3ac181255b51ae0914002187abbd.jpg,8 0.78437500 0.43593750 0.20625000 0.09531250,pass,visual_contact_sheet_review_codex_2026-07-16
8,chicken,29,DSC_5989_JPG,/root/autodl-tmp/visagent/datasets/fridge_original_v1/test/images/DSC_5989_JPG_jpg.rf.88bd166ee202e868fd0bb0941e118df0.jpg,8 0.77500000 0.58750000 0.20625000 0.10156250,pass,visual_contact_sheet_review_codex_2026-07-16
8,chicken,30,DSC_6116_JPG,/root/autodl-tmp/visagent/datasets/fridge_original_v1/test/images/DSC_6116_JPG_jpg.rf.c6d794e532c7b3a5e96449516893da90.jpg,8 0.45937500 0.59375000 0.19062500 0.08593750,pass,visual_contact_sheet_review_codex_2026-07-16
9,chicken_breast,1,DSC_6137_JPG,/root/autodl-tmp/visagent/datasets/fridge_original_v1/test/images/DSC_6137_JPG_jpg.rf.c0450648e5a14ca7b6b7a90e4bc9bd0b.jpg,9 0.75468750 0.62500000 0.16875000 0.06562500,pending,
9,chicken_breast,2,DSC_5997_JPG,/root/autodl-tmp/visagent/datasets/fridge_original_v1/train/images/DSC_5997_JPG_jpg.rf.0411ba938ca3c70fb5fec611c8ef297b.jpg,9 0.76250000 0.87500000 0.20156250 0.10000000,pending,
9,chicken_breast,3,DSC_5970_JPG,/root/autodl-tmp/visagent/datasets/fridge_original_v1/train/images/DSC_5970_JPG_jpg.rf.07c323fdb693df3ac6c4142fff07894f.jpg,9 0.38437500 0.60156250 0.19531250 0.07500000,pending,
9,chicken_breast,4,DSC_6020_JPG,/root/autodl-tmp/visagent/datasets/fridge_original_v1/valid/images/DSC_6020_JPG_jpg.rf.b58158f38d86423958a9f6d1d47c4f30.jpg,9 0.57968750 0.87968750 0.17656250 0.06875000,pending,
9,chicken_breast,5,DSC_6086_JPG,/root/autodl-tmp/visagent/datasets/fridge_original_v1/valid/images/DSC_6086_JPG_jpg.rf.7fcfc36ba5aecb044e4c8eb4fe6a93a0.jpg,9 0.38750000 0.90000000 0.14218750 0.09531250,pending,
9,chicken_breast,6,DSC_6120_JPG,/root/autodl-tmp/visagent/datasets/fridge_original_v1/test/images/DSC_6120_JPG_jpg.rf.128fd9c4c7e47e89d8b3239d695cadb3.jpg,9 0.78750000 0.60625000 0.16562500 0.05000000,pending,
9,chicken_breast,7,DSC_5972_JPG,/root/autodl-tmp/visagent/datasets/fridge_original_v1/test/images/DSC_5972_JPG_jpg.rf.3b9caf377ec257cbe176324c22055e57.jpg,9 0.79375000 0.46562500 0.20625000 0.05000000,pending,
9,chicken_breast,8,DSC_6052_JPG,/root/autodl-tmp/visagent/datasets/fridge_original_v1/train/images/DSC_6052_JPG_jpg.rf.1a2a1212967f216212b379c6ca829ee7.jpg,9 0.58437500 0.87343750 0.19531250 0.10156250,pending,
9,chicken_breast,9,DSC_6096_JPG,/root/autodl-tmp/visagent/datasets/fridge_original_v1/test/images/DSC_6096_JPG_jpg.rf.9e222f11f2c0d9d66f25c0d688b5108f.jpg,9 0.71562500 0.60468750 0.20312500 0.04687500,pending,
9,chicken_breast,10,DSC_6199_JPG,/root/autodl-tmp/visagent/datasets/fridge_original_v1/train/images/DSC_6199_JPG_jpg.rf.02dc3dfa0b5a16c748d9c99a3d5e3263.jpg,9 0.49687500 0.87812500 0.16250000 0.08593750,pending,
9,chicken_breast,11,DSC_6147_JPG,/root/autodl-tmp/visagent/datasets/fridge_original_v1/train/images/DSC_6147_JPG_jpg.rf.04fb8a0bae2a87acc3cc18c92a06aef7.jpg,9 0.77500000 0.86562500 0.16250000 0.08437500,pending,
9,chicken_breast,12,DSC_5969_JPG,/root/autodl-tmp/visagent/datasets/fridge_original_v1/test/images/DSC_5969_JPG_jpg.rf.b8b313467cabf98769c05785a9799e15.jpg,9 0.38281250 0.60000000 0.19531250 0.08125000,pending,
9,chicken_breast,13,DSC_6146_JPG,/root/autodl-tmp/visagent/datasets/fridge_original_v1/test/images/DSC_6146_JPG_jpg.rf.44bd0e9f2d9f6100463763e09a48fee0.jpg,9 0.77500000 0.86562500 0.16250000 0.08437500,pending,
9,chicken_breast,14,DSC_5966_JPG,/root/autodl-tmp/visagent/datasets/fridge_original_v1/test/images/DSC_5966_JPG_jpg.rf.7d03da9150ce1555e9151e5551733c4b.jpg,9 0.71562500 0.89375000 0.21875000 0.06406250,pending,
9,chicken_breast,15,DSC_6156_JPG,/root/autodl-tmp/visagent/datasets/fridge_original_v1/valid/images/DSC_6156_JPG_jpg.rf.06a4ce360b52d9f0f649d7b6bf2d2286.jpg,9 0.43281250 0.86875000 0.15156250 0.09531250,pending,
9,chicken_breast,16,DSC_5953_JPG,/root/autodl-tmp/visagent/datasets/fridge_original_v1/valid/images/DSC_5953_JPG_jpg.rf.a2091b0bd0b3b4a0bccd1d20611bbb8d.jpg,9 0.56250000 0.60156250 0.16093750 0.03750000,pending,
9,chicken_breast,17,DSC_6194_JPG,/root/autodl-tmp/visagent/datasets/fridge_original_v1/test/images/DSC_6194_JPG_jpg.rf.2cb2b3ef719472d47a0dd78b15cd2daa.jpg,9 0.72187500 0.88125000 0.15781250 0.07968750,pending,
9,chicken_breast,18,DSC_5963_JPG,/root/autodl-tmp/visagent/datasets/fridge_original_v1/test/images/DSC_5963_JPG_jpg.rf.2b9024b74d720b70c14095696084d820.jpg,9 0.75468750 0.62500000 0.19687500 0.07500000,pending,
9,chicken_breast,19,DSC_5981_JPG,/root/autodl-tmp/visagent/datasets/fridge_original_v1/test/images/DSC_5981_JPG_jpg.rf.ff3a3ac181255b51ae0914002187abbd.jpg,9 0.77343750 0.60312500 0.21250000 0.07343750,pending,
9,chicken_breast,20,DSC_6160_JPG,/root/autodl-tmp/visagent/datasets/fridge_original_v1/valid/images/DSC_6160_JPG_jpg.rf.e3c9272ab975804eeeefa2af8a3b0941.jpg,9 0.43750000 0.87500000 0.17500000 0.08906250,pending,
9,chicken_breast,21,DSC_6157_JPG,/root/autodl-tmp/visagent/datasets/fridge_original_v1/valid/images/DSC_6157_JPG_jpg.rf.9be4c703890a5fd8abf7af4d4c32d657.jpg,9 0.43281250 0.87187500 0.15625000 0.07968750,pending,
9,chicken_breast,22,DSC_6200_JPG,/root/autodl-tmp/visagent/datasets/fridge_original_v1/test/images/DSC_6200_JPG_jpg.rf.8eb331c6933f404af3051d7bc85acf10.jpg,9 0.49531250 0.86875000 0.15312500 0.08281250,pending,
9,chicken_breast,23,DSC_6112_JPG,/root/autodl-tmp/visagent/datasets/fridge_original_v1/test/images/DSC_6112_JPG_jpg.rf.4d55f7fd0a39afd5719d5601c51c47b3.jpg,9 0.47343750 0.60937500 0.15312500 0.04687500,pending,
9,chicken_breast,24,DSC_6135_JPG,/root/autodl-tmp/visagent/datasets/fridge_original_v1/test/images/DSC_6135_JPG_jpg.rf.46fc66547616fed6ecede6cd54ff8b35.jpg,9 0.72031250 0.62187500 0.22187500 0.05468750,pending,
9,chicken_breast,25,DSC_5961_JPG,/root/autodl-tmp/visagent/datasets/fridge_original_v1/valid/images/DSC_5961_JPG_jpg.rf.feaa21b9c4450dd8d41dc96d81601239.jpg,9 0.75625000 0.61250000 0.16250000 0.03593750,pending,
9,chicken_breast,26,DSC_5998_JPG,/root/autodl-tmp/visagent/datasets/fridge_original_v1/train/images/DSC_5998_JPG_jpg.rf.1cc0fae8533cb2450932be6bbeb79593.jpg,9 0.75156250 0.87812500 0.20312500 0.09687500,pending,
9,chicken_breast,27,DSC_5962_JPG,/root/autodl-tmp/visagent/datasets/fridge_original_v1/train/images/DSC_5962_JPG_jpg.rf.200083b5a79360989e46546abeb728c3.jpg,9 0.75625000 0.62187500 0.20000000 0.07343750,pending,
9,chicken_breast,28,DSC_6021_JPG,/root/autodl-tmp/visagent/datasets/fridge_original_v1/test/images/DSC_6021_JPG_jpg.rf.2d4b9f1126ab6ef8f2048cc08ae5f1fd.jpg,9 0.57187500 0.88125000 0.15312500 0.07812500,pending,
9,chicken_breast,29,DSC_6023_JPG,/root/autodl-tmp/visagent/datasets/fridge_original_v1/train/images/DSC_6023_JPG_jpg.rf.1be0494267e47af4d4306b848803f0bd.jpg,9 0.66718750 0.88593750 0.27500000 0.09375000,pending,
9,chicken_breast,30,DSC_6139_JPG,/root/autodl-tmp/visagent/datasets/fridge_original_v1/test/images/DSC_6139_JPG_jpg.rf.b1447de625a2f4e89f584b3a66dc347c.jpg,9 0.74687500 0.62812500 0.16562500 0.06093750,pending,
10,chocolate,1,DSC_6004_JPG,/root/autodl-tmp/visagent/datasets/fridge_original_v1/train/images/DSC_6004_JPG_jpg.rf.070713db67a12daf9c65394002d0e4c8.jpg,10 0.42187500 0.47500000 0.23750000 0.04218750,pending,
10,chocolate,2,DSC_6087_JPG,/root/autodl-tmp/visagent/datasets/fridge_original_v1/valid/images/DSC_6087_JPG_jpg.rf.aaaf0878d66b706d9650017c29490633.jpg,10 0.43906250 0.62500000 0.22187500 0.05781250,pending,
10,chocolate,3,DSC_6069_JPG,/root/autodl-tmp/visagent/datasets/fridge_original_v1/test/images/DSC_6069_JPG_jpg.rf.76197ca4c425436665e440e0fd74207e.jpg,10 0.37500000 0.23750000 0.13281250 0.02187500,pending,
10,chocolate,4,DSC_6030_JPG,/root/autodl-tmp/visagent/datasets/fridge_original_v1/valid/images/DSC_6030_JPG_jpg.rf.053032918536ddf1031e86599606aece.jpg,10 0.74375000 0.24062500 0.14218750 0.01093750,pending,
10,chocolate,5,DSC_6005_JPG,/root/autodl-tmp/visagent/datasets/fridge_original_v1/train/images/DSC_6005_JPG_jpg.rf.0200738c4185c153e4303e9d711fd8bd.jpg,10 0.41562500 0.47812500 0.24062500 0.03125000,pending,
10,chocolate,6,DSC_6067_JPG,/root/autodl-tmp/visagent/datasets/fridge_original_v1/test/images/DSC_6067_JPG_jpg.rf.ae07bd39e188e497d571d7e39d7e2350.jpg,10 0.83437500 0.24062500 0.17656250 0.02187500,pending,
10,chocolate,7,DSC_6092_JPG,/root/autodl-tmp/visagent/datasets/fridge_original_v1/test/images/DSC_6092_JPG_jpg.rf.4b6bb5d7544be8d2a0d5ae6a61834d9f.jpg,10 0.67500000 0.47187500 0.12656250 0.03750000,pending,
10,chocolate,8,DSC_6091_JPG,/root/autodl-tmp/visagent/datasets/fridge_original_v1/test/images/DSC_6091_JPG_jpg.rf.d24d17af1201627c85af2c924edc3665.jpg,10 0.67500000 0.47187500 0.12656250 0.03750000,pending,
10,chocolate,9,DSC_5942_JPG,/root/autodl-tmp/visagent/datasets/fridge_original_v1/train/images/DSC_5942_JPG_jpg.rf.012f844a4a8df947326e946148d160b5.jpg,10 0.74687500 0.61250000 0.12343750 0.04843750,pending,
10,chocolate,10,DSC_6024_JPG,/root/autodl-tmp/visagent/datasets/fridge_original_v1/test/images/DSC_6024_JPG_jpg.rf.b795ee30b5de367494aa8852a38eb336.jpg,10 0.59062500 0.62812500 0.13125000 0.05000000,pending,
10,chocolate,11,DSC_6164_JPG,/root/autodl-tmp/visagent/datasets/fridge_original_v1/valid/images/DSC_6164_JPG_jpg.rf.792481e35e0853b566b45cef5d70c68c.jpg,10 0.80468750 0.61875000 0.13437500 0.05468750,pending,
10,chocolate,12,DSC_6066_JPG,/root/autodl-tmp/visagent/datasets/fridge_original_v1/train/images/DSC_6066_JPG_jpg.rf.01afc053f7eb3c689e4d5740a16ffa13.jpg,10 0.63437500 0.47187500 0.12031250 0.03593750,pending,
10,chocolate,13,DSC_5954_JPG,/root/autodl-tmp/visagent/datasets/fridge_original_v1/test/images/DSC_5954_JPG_jpg.rf.a6c47fd35944a6ad5d07663125a4ff6e.jpg,10 0.59062500 0.47656250 0.15468750 0.03437500,pending,
10,chocolate,14,DSC_6129_JPG,/root/autodl-tmp/visagent/datasets/fridge_original_v1/train/images/DSC_6129_JPG_jpg.rf.0a9d89cd04d31302ccd08c3a066e5bea.jpg,10 0.57656250 0.47656250 0.16562500 0.03593750,pending,
10,chocolate,15,DSC_6021_JPG,/root/autodl-tmp/visagent/datasets/fridge_original_v1/test/images/DSC_6021_JPG_jpg.rf.2d4b9f1126ab6ef8f2048cc08ae5f1fd.jpg,10 0.58906250 0.62187500 0.12500000 0.05625000,pending,
10,chocolate,16,DSC_6162_JPG,/root/autodl-tmp/visagent/datasets/fridge_original_v1/test/images/DSC_6162_JPG_jpg.rf.54a150a90f3a27c9874f713283ca9f33.jpg,10 0.80000000 0.63437500 0.13750000 0.06093750,pending,
10,chocolate,17,DSC_6094_JPG,/root/autodl-tmp/visagent/datasets/fridge_original_v1/valid/images/DSC_6094_JPG_jpg.rf.e2bb5ce494fdd975c4d466ad5c73f9b1.jpg,10 0.77343750 0.61718750 0.16406250 0.05625000,pending,
10,chocolate,18,DSC_6088_JPG,/root/autodl-tmp/visagent/datasets/fridge_original_v1/valid/images/DSC_6088_JPG_jpg.rf.1fb6d402299a571bcc7ac3d4d49802f7.jpg,10 0.74375000 0.48125000 0.23437500 0.03750000,pending,
10,chocolate,19,DSC_5969_JPG,/root/autodl-tmp/visagent/datasets/fridge_original_v1/test/images/DSC_5969_JPG_jpg.rf.b8b313467cabf98769c05785a9799e15.jpg,10 0.57187500 0.47187500 0.18906250 0.04375000,pending,
10,chocolate,20,DSC_5970_JPG,/root/autodl-tmp/visagent/datasets/fridge_original_v1/train/images/DSC_5970_JPG_jpg.rf.07c323fdb693df3ac6c4142fff07894f.jpg,10 0.38281250 0.23125000 0.11562500 0.01718750,pending,
10,chocolate,21,DSC_6026_JPG,/root/autodl-tmp/visagent/datasets/fridge_original_v1/valid/images/DSC_6026_JPG_jpg.rf.b0976ea9dc06e0519ac9d26cb8b95689.jpg,10 0.39218750 0.61562500 0.10781250 0.05312500,pending,
10,chocolate,22,DSC_6032_JPG,/root/autodl-tmp/visagent/datasets/fridge_original_v1/train/images/DSC_6032_JPG_jpg.rf.15f71c85f8c64cc23587634e46e4e439.jpg,10 0.52500000 0.23750000 0.13125000 0.02031250,pending,
10,chocolate,23,DSC_6064_JPG,/root/autodl-tmp/visagent/datasets/fridge_original_v1/test/images/DSC_6064_JPG_jpg.rf.e573d423086d6729fc7ebb8f9f714750.jpg,10 0.57968750 0.62968750 0.24218750 0.04687500,pending,
10,chocolate,24,DSC_6174_JPG,/root/autodl-tmp/visagent/datasets/fridge_original_v1/valid/images/DSC_6174_JPG_jpg.rf.6db7b4ef6eee774c385ce32c8fa70fb7.jpg,10 0.80937500 0.47187500 0.13281250 0.03281250,pending,
10,chocolate,25,DSC_6145_JPG,/root/autodl-tmp/visagent/datasets/fridge_original_v1/valid/images/DSC_6145_JPG_jpg.rf.5ee6309d08e89130b848b8c7585ac3cb.jpg,10 0.56562500 0.89062500 0.14531250 0.08125000,pending,
10,chocolate,26,DSC_5980_JPG,/root/autodl-tmp/visagent/datasets/fridge_original_v1/test/images/DSC_5980_JPG_jpg.rf.7b4f3b9a47e0730e243ac6db93a6af8a.jpg,10 0.79531250 0.88750000 0.13125000 0.08437500,pending,
10,chocolate,27,DSC_5967_JPG,/root/autodl-tmp/visagent/datasets/fridge_original_v1/train/images/DSC_5967_JPG_jpg.rf.2a2cfcd907e30bf703d34722993d2993.jpg,10 0.74375000 0.62187500 0.12500000 0.05156250,pending,
10,chocolate,28,DSC_5984_JPG,/root/autodl-tmp/visagent/datasets/fridge_original_v1/test/images/DSC_5984_JPG_jpg.rf.0233b1a880fab918e40f125f9d1ba70c.jpg,10 0.78437500 0.90625000 0.14218750 0.08593750,pending,
10,chocolate,29,DSC_5983_JPG,/root/autodl-tmp/visagent/datasets/fridge_original_v1/test/images/DSC_5983_JPG_jpg.rf.61c66e1f63a81c12cfceddc092be7b1e.jpg,10 0.79687500 0.88750000 0.13281250 0.08593750,pending,
10,chocolate,30,DSC_5977_JPG,/root/autodl-tmp/visagent/datasets/fridge_original_v1/train/images/DSC_5977_JPG_jpg.rf.251e72b5417f218a207e90cc1be45e88.jpg,10 0.36093750 0.62812500 0.12187500 0.06093750,pending,
11,corn,1,DSC_6187_JPG,/root/autodl-tmp/visagent/datasets/fridge_original_v1/valid/images/DSC_6187_JPG_jpg.rf.78ddbcba4134036d051182b0c805cf87.jpg,11 0.45625000 0.45156250 0.08281250 0.06093750,pass,visual_contact_sheet_review_codex_2026-07-16
11,corn,2,DSC_5907_JPG,/root/autodl-tmp/visagent/datasets/fridge_original_v1/train/images/DSC_5907_JPG_jpg.rf.313ab327f4cf0f4d3017fb511ed27eae.jpg,11 0.42500000 0.59687500 0.09062500 0.07343750,pass,visual_contact_sheet_review_codex_2026-07-16
11,corn,3,DSC_6147_JPG,/root/autodl-tmp/visagent/datasets/fridge_original_v1/train/images/DSC_6147_JPG_jpg.rf.04fb8a0bae2a87acc3cc18c92a06aef7.jpg,11 0.76093750 0.44531250 0.08437500 0.06250000,pass,visual_contact_sheet_review_codex_2026-07-16
11,corn,4,DSC_6093_JPG,/root/autodl-tmp/visagent/datasets/fridge_original_v1/test/images/DSC_6093_JPG_jpg.rf.2b38aceea4fb7f304f99c742d8574753.jpg,11 0.60468750 0.44218750 0.06562500 0.05781250,pass,visual_contact_sheet_review_codex_2026-07-16
11,corn,5,DSC_6015_JPG,/root/autodl-tmp/visagent/datasets/fridge_original_v1/valid/images/DSC_6015_JPG_jpg.rf.080124eae3b381859cd7fbedc1713a1b.jpg,11 0.80000000 0.21562500 0.08593750 0.05312500,pass,visual_contact_sheet_review_codex_2026-07-16
11,corn,6,DSC_5681_JPG,/root/autodl-tmp/visagent/datasets/fridge_original_v1/test/images/DSC_5681_JPG_jpg.rf.7271bfb4e92589f0ae6c40de1999c8dc.jpg,11 0.78125000 0.21562500 0.07968750 0.05312500,pass,visual_contact_sheet_review_codex_2026-07-16
11,corn,7,DSC_6086_JPG,/root/autodl-tmp/visagent/datasets/fridge_original_v1/valid/images/DSC_6086_JPG_jpg.rf.7fcfc36ba5aecb044e4c8eb4fe6a93a0.jpg,11 0.63125000 0.45625000 0.08281250 0.06718750,pass,visual_contact_sheet_review_codex_2026-07-16
11,corn,8,DSC_6100_JPG,/root/autodl-tmp/visagent/datasets/fridge_original_v1/test/images/DSC_6100_JPG_jpg.rf.31e3024fae09c69b4cc58da347fa99d6.jpg,11 0.77812500 0.60156250 0.07500000 0.06406250,pass,visual_contact_sheet_review_codex_2026-07-16
11,corn,9,DSC_6196_JPG,/root/autodl-tmp/visagent/datasets/fridge_original_v1/test/images/DSC_6196_JPG_jpg.rf.03f668c731f9f9d643ef80716dd94cdf.jpg,11 0.57812500 0.20937500 0.09218750 0.06718750,pass,visual_contact_sheet_review_codex_2026-07-16
11,corn,10,DSC_5779_JPG,/root/autodl-tmp/visagent/datasets/fridge_original_v1/test/images/DSC_5779_JPG_jpg.rf.d1be27389f15e2e01e041a06c952ffd3.jpg,11 0.34687500 0.59687500 0.08125000 0.06875000,pass,visual_contact_sheet_review_codex_2026-07-16
11,corn,11,DSC_6018_JPG,/root/autodl-tmp/visagent/datasets/fridge_original_v1/valid/images/DSC_6018_JPG_jpg.rf.3c46b2225c522e5a22572e5ebdee3a9a.jpg,11 0.65625000 0.21562500 0.08125000 0.05625000,pass,visual_contact_sheet_review_codex_2026-07-16
11,corn,12,DSC_5823_JPG,/root/autodl-tmp/visagent/datasets/fridge_original_v1/test/images/DSC_5823_JPG_jpg.rf.27bb782732deb4888e9f3551bd09de17.jpg,11 0.79687500 0.47187500 0.08281250 0.07031250,pass,visual_contact_sheet_review_codex_2026-07-16
11,corn,13,DSC_6160_JPG,/root/autodl-tmp/visagent/datasets/fridge_original_v1/valid/images/DSC_6160_JPG_jpg.rf.e3c9272ab975804eeeefa2af8a3b0941.jpg,11 0.56250000 0.44375000 0.07656250 0.06093750,pass,visual_contact_sheet_review_codex_2026-07-16
11,corn,14,DSC_5683_JPG,/root/autodl-tmp/visagent/datasets/fridge_original_v1/valid/images/DSC_5683_JPG_jpg.rf.a9261e3656ab7deb26a635c5610a46a7.jpg,11 0.75625000 0.46250000 0.08593750 0.07500000,pass,visual_contact_sheet_review_codex_2026-07-16
11,corn,15,DSC_5914_JPG,/root/autodl-tmp/visagent/datasets/fridge_original_v1/test/images/DSC_5914_JPG_jpg.rf.4ce4ad3a82d7e6e545c1d39562f3ee6d.jpg,11 0.43437500 0.61250000 0.08906250 0.07656250,pass,visual_contact_sheet_review_codex_2026-07-16
11,corn,16,DSC_5745_JPG,/root/autodl-tmp/visagent/datasets/fridge_original_v1/valid/images/DSC_5745_JPG_jpg.rf.ee996539bc1880127496b232a8518e72.jpg,11 0.70781250 0.89687500 0.07968750 0.08125000,pass,visual_contact_sheet_review_codex_2026-07-16
11,corn,17,DSC_6148_JPG,/root/autodl-tmp/visagent/datasets/fridge_original_v1/test/images/DSC_6148_JPG_jpg.rf.9eab5803b6408553dd2ab748e6bd83ed.jpg,11 0.57812500 0.60000000 0.07812500 0.06562500,pass,visual_contact_sheet_review_codex_2026-07-16
11,corn,18,DSC_5867_JPG,/root/autodl-tmp/visagent/datasets/fridge_original_v1/train/images/DSC_5867_JPG_jpg.rf.0e9fb208dcda3014264633a51eee10c5.jpg,11 0.63437500 0.91875000 0.09687500 0.08750000,pass,visual_contact_sheet_review_codex_2026-07-16
11,corn,19,DSC_6088_JPG,/root/autodl-tmp/visagent/datasets/fridge_original_v1/valid/images/DSC_6088_JPG_jpg.rf.1fb6d402299a571bcc7ac3d4d49802f7.jpg,11 0.83437500 0.21718750 0.09687500 0.07187500,pass,visual_contact_sheet_review_codex_2026-07-16
11,corn,20,DSC_6004_JPG,/root/autodl-tmp/visagent/datasets/fridge_original_v1/train/images/DSC_6004_JPG_jpg.rf.070713db67a12daf9c65394002d0e4c8.jpg,11 0.58750000 0.45312500 0.08281250 0.07500000,pass,visual_contact_sheet_review_codex_2026-07-16
11,corn,21,DSC_5679_JPG,/root/autodl-tmp/visagent/datasets/fridge_original_v1/valid/images/DSC_5679_JPG_jpg.rf.6bae81af4d7a9fa98e149634e03e9d92.jpg,11 0.78125000 0.21562500 0.07656250 0.05468750,pass,visual_contact_sheet_review_codex_2026-07-16
11,corn,22,DSC_6200_JPG,/root/autodl-tmp/visagent/datasets/fridge_original_v1/test/images/DSC_6200_JPG_jpg.rf.8eb331c6933f404af3051d7bc85acf10.jpg,11 0.74531250 0.20000000 0.09687500 0.06562500,pass,visual_contact_sheet_review_codex_2026-07-16
11,corn,23,DSC_6128_JPG,/root/autodl-tmp/visagent/datasets/fridge_original_v1/valid/images/DSC_6128_JPG_jpg.rf.56a62fce5d749a0cc735e4ff644bbba6.jpg,11 0.44375000 0.60468750 0.08750000 0.06875000,pass,visual_contact_sheet_review_codex_2026-07-16
11,corn,24,DSC_6051_JPG,/root/autodl-tmp/visagent/datasets/fridge_original_v1/valid/images/DSC_6051_JPG_jpg.rf.fa3f03b2ca1e12ae6a27bef3db8f3ed0.jpg,11 0.75312500 0.57500000 0.07187500 0.04843750,pass,visual_contact_sheet_review_codex_2026-07-16
11,corn,25,DSC_6013_JPG,/root/autodl-tmp/visagent/datasets/fridge_original_v1/test/images/DSC_6013_JPG_jpg.rf.c4bb7c7c1248cbba1f1b36d26b7a2df5.jpg,11 0.37187500 0.20625000 0.09843750 0.07343750,pass,visual_contact_sheet_review_codex_2026-07-16
11,corn,26,DSC_5731_JPG,/root/autodl-tmp/visagent/datasets/fridge_original_v1/train/images/DSC_5731_JPG_jpg.rf.1838b521521df44858ef065774e2d901.jpg,11 0.53750000 0.60156250 0.07500000 0.06562500,pass,visual_contact_sheet_review_codex_2026-07-16
11,corn,27,DSC_5909_JPG,/root/autodl-tmp/visagent/datasets/fridge_original_v1/train/images/DSC_5909_JPG_jpg.rf.050dd1a4f76ad530affa54aa0b2d5eb2.jpg,11 0.43281250 0.60312500 0.09218750 0.06718750,pass,visual_contact_sheet_review_codex_2026-07-16
11,corn,28,DSC_5677_JPG,/root/autodl-tmp/visagent/datasets/fridge_original_v1/valid/images/DSC_5677_JPG_jpg.rf.28bd9e8f54a73cd7e88fd39aa46d3674.jpg,11 0.63281250 0.46250000 0.08437500 0.06718750,pass,visual_contact_sheet_review_codex_2026-07-16
11,corn,29,DSC_6049_JPG,/root/autodl-tmp/visagent/datasets/fridge_original_v1/train/images/DSC_6049_JPG_jpg.rf.0f094154bb1eac102d32003a20381f3f.jpg,11 0.74531250 0.60312500 0.07968750 0.06718750,pass,visual_contact_sheet_review_codex_2026-07-16
11,corn,30,DSC_6025_JPG,/root/autodl-tmp/visagent/datasets/fridge_original_v1/test/images/DSC_6025_JPG_jpg.rf.4482145dfa88bd56fda900f5153d0458.jpg,11 0.40625000 0.20937500 0.09843750 0.06562500,pass,visual_contact_sheet_review_codex_2026-07-16
12,eggs,1,DSC_6145_JPG,/root/autodl-tmp/visagent/datasets/fridge_original_v1/valid/images/DSC_6145_JPG_jpg.rf.5ee6309d08e89130b848b8c7585ac3cb.jpg,12 0.40312500 0.86875000 0.10000000 0.07343750,pass,visual_contact_sheet_review_codex_2026-07-16
12,eggs,2,DSC_6041_JPG,/root/autodl-tmp/visagent/datasets/fridge_original_v1/train/images/DSC_6041_JPG_jpg.rf.09e36630badb9681b1a6feea7e8c07a8.jpg,12 0.73125000 0.60625000 0.12812500 0.05937500,pass,visual_contact_sheet_review_codex_2026-07-16
12,eggs,3,DSC_6035_JPG,/root/autodl-tmp/visagent/datasets/fridge_original_v1/train/images/DSC_6035_JPG_jpg.rf.1996b2b001fea0ce834210c710aef75c.jpg,12 0.52812500 0.59687500 0.13593750 0.05625000,pass,visual_contact_sheet_review_codex_2026-07-16
12,eggs,4,DSC_6018_JPG,/root/autodl-tmp/visagent/datasets/fridge_original_v1/valid/images/DSC_6018_JPG_jpg.rf.3c46b2225c522e5a22572e5ebdee3a9a.jpg,12 0.55000000 0.59687500 0.10468750 0.05468750,pass,visual_contact_sheet_review_codex_2026-07-16
12,eggs,5,DSC_6151_JPG,/root/autodl-tmp/visagent/datasets/fridge_original_v1/test/images/DSC_6151_JPG_jpg.rf.c4c7693eac28b43284d5303fd366e598.jpg,12 0.66875000 0.46250000 0.10781250 0.05156250,pass,visual_contact_sheet_review_codex_2026-07-16
12,eggs,6,DSC_6091_JPG,/root/autodl-tmp/visagent/datasets/fridge_original_v1/test/images/DSC_6091_JPG_jpg.rf.d24d17af1201627c85af2c924edc3665.jpg,12 0.76250000 0.59062500 0.10937500 0.05312500,pass,visual_contact_sheet_review_codex_2026-07-16
12,eggs,7,DSC_6143_JPG,/root/autodl-tmp/visagent/datasets/fridge_original_v1/train/images/DSC_6143_JPG_jpg.rf.150b1636fd87807f642235e00d1b55b6.jpg,12 0.41250000 0.86718750 0.10781250 0.07343750,pass,visual_contact_sheet_review_codex_2026-07-16
12,eggs,8,DSC_6158_JPG,/root/autodl-tmp/visagent/datasets/fridge_original_v1/valid/images/DSC_6158_JPG_jpg.rf.cf06910a093d45fe2688a5b6d89f62d2.jpg,12 0.82656250 0.45468750 0.11406250 0.04531250,pass,visual_contact_sheet_review_codex_2026-07-16
12,eggs,9,DSC_6097_JPG,/root/autodl-tmp/visagent/datasets/fridge_original_v1/test/images/DSC_6097_JPG_jpg.rf.87ab503076dd65366d1fe3c7367297e2.jpg,12 0.56562500 0.45625000 0.10937500 0.05000000,pass,visual_contact_sheet_review_codex_2026-07-16
12,eggs,10,DSC_6108_JPG,/root/autodl-tmp/visagent/datasets/fridge_original_v1/test/images/DSC_6108_JPG_jpg.rf.cb44f45d773572f2110069c4aa2b5ba7.jpg,12 0.81875000 0.21875000 0.12031250 0.04687500,pass,visual_contact_sheet_review_codex_2026-07-16
12,eggs,11,DSC_6027_JPG,/root/autodl-tmp/visagent/datasets/fridge_original_v1/train/images/DSC_6027_JPG_jpg.rf.00125f1a72520a15ab62d74b7362b750.jpg,12 0.75625000 0.59062500 0.10312500 0.06093750,pass,visual_contact_sheet_review_codex_2026-07-16
12,eggs,12,DSC_6043_JPG,/root/autodl-tmp/visagent/datasets/fridge_original_v1/test/images/DSC_6043_JPG_jpg.rf.eba0befc4edd6f7b1d39baebfa894de5.jpg,12 0.73281250 0.59218750 0.12812500 0.07031250,pass,visual_contact_sheet_review_codex_2026-07-16
12,eggs,13,DSC_5956_JPG,/root/autodl-tmp/visagent/datasets/fridge_original_v1/valid/images/DSC_5956_JPG_jpg.rf.f1b769f2923e51eb77147f4bf54f06f4.jpg,12 0.37500000 0.87343750 0.08906250 0.07500000,pass,visual_contact_sheet_review_codex_2026-07-16
12,eggs,14,DSC_6148_JPG,/root/autodl-tmp/visagent/datasets/fridge_original_v1/test/images/DSC_6148_JPG_jpg.rf.9eab5803b6408553dd2ab748e6bd83ed.jpg,12 0.40312500 0.86875000 0.11093750 0.06875000,pass,visual_contact_sheet_review_codex_2026-07-16
12,eggs,15,DSC_5995_JPG,/root/autodl-tmp/visagent/datasets/fridge_original_v1/valid/images/DSC_5995_JPG_jpg.rf.68134510e7f6e02d7bf6c058abd5c886.jpg,12 0.46250000 0.21250000 0.17656250 0.04843750,pass,visual_contact_sheet_review_codex_2026-07-16
12,eggs,16,DSC_6024_JPG,/root/autodl-tmp/visagent/datasets/fridge_original_v1/test/images/DSC_6024_JPG_jpg.rf.b795ee30b5de367494aa8852a38eb336.jpg,12 0.41718750 0.59687500 0.14062500 0.06406250,pass,visual_contact_sheet_review_codex_2026-07-16
12,eggs,17,DSC_6020_JPG,/root/autodl-tmp/visagent/datasets/fridge_original_v1/valid/images/DSC_6020_JPG_jpg.rf.b58158f38d86423958a9f6d1d47c4f30.jpg,12 0.44531250 0.59062500 0.10000000 0.05000000,pass,visual_contact_sheet_review_codex_2026-07-16
12,eggs,18,DSC_6157_JPG,/root/autodl-tmp/visagent/datasets/fridge_original_v1/valid/images/DSC_6157_JPG_jpg.rf.9be4c703890a5fd8abf7af4d4c32d657.jpg,12 0.66875000 0.59843750 0.12500000 0.05000000,pass,visual_contact_sheet_review_codex_2026-07-16
12,eggs,19,DSC_6183_JPG,/root/autodl-tmp/visagent/datasets/fridge_original_v1/test/images/DSC_6183_JPG_jpg.rf.84f6124ac517cd68f385c160ffc7dbf2.jpg,12 0.65937500 0.45000000 0.11250000 0.05156250,pass,visual_contact_sheet_review_codex_2026-07-16
12,eggs,20,DSC_6142_JPG,/root/autodl-tmp/visagent/datasets/fridge_original_v1/train/images/DSC_6142_JPG_jpg.rf.73b786bcf6b837ef81f5890e940e9098.jpg,12 0.66562500 0.86250000 0.15000000 0.05781250,pass,visual_contact_sheet_review_codex_2026-07-16
12,eggs,21,DSC_6106_JPG,/root/autodl-tmp/visagent/datasets/fridge_original_v1/test/images/DSC_6106_JPG_jpg.rf.30bfdff8391374dc5eddfbd5c26d6928.jpg,12 0.80312500 0.21875000 0.12031250 0.04531250,pass,visual_contact_sheet_review_codex_2026-07-16
12,eggs,22,DSC_6064_JPG,/root/autodl-tmp/visagent/datasets/fridge_original_v1/test/images/DSC_6064_JPG_jpg.rf.e573d423086d6729fc7ebb8f9f714750.jpg,12 0.76875000 0.23125000 0.12343750 0.05156250,pass,visual_contact_sheet_review_codex_2026-07-16
12,eggs,23,DSC_6160_JPG,/root/autodl-tmp/visagent/datasets/fridge_original_v1/valid/images/DSC_6160_JPG_jpg.rf.e3c9272ab975804eeeefa2af8a3b0941.jpg,12 0.83125000 0.45312500 0.11406250 0.04375000,pass,visual_contact_sheet_review_codex_2026-07-16
12,eggs,24,DSC_6197_JPG,/root/autodl-tmp/visagent/datasets/fridge_original_v1/test/images/DSC_6197_JPG_jpg.rf.37bddd2230312d39205f958482224de5.jpg,12 0.61875000 0.43906250 0.12343750 0.05468750,pass,visual_contact_sheet_review_codex_2026-07-16
12,eggs,25,DSC_6058_JPG,/root/autodl-tmp/visagent/datasets/fridge_original_v1/test/images/DSC_6058_JPG_jpg.rf.c577cbb1ceb9a006b5b781a5ec7a9f41.jpg,12 0.61562500 0.46250000 0.11875000 0.06875000,pass,visual_contact_sheet_review_codex_2026-07-16
12,eggs,26,DSC_5998_JPG,/root/autodl-tmp/visagent/datasets/fridge_original_v1/train/images/DSC_5998_JPG_jpg.rf.1cc0fae8533cb2450932be6bbeb79593.jpg,12 0.71718750 0.45156250 0.14843750 0.05781250,pass,visual_contact_sheet_review_codex_2026-07-16
12,eggs,27,DSC_6045_JPG,/root/autodl-tmp/visagent/datasets/fridge_original_v1/test/images/DSC_6045_JPG_jpg.rf.7039783f692829f4499e4546c8940deb.jpg,12 0.72812500 0.60000000 0.13906250 0.06875000,pass,visual_contact_sheet_review_codex_2026-07-16
12,eggs,28,DSC_6176_JPG,/root/autodl-tmp/visagent/datasets/fridge_original_v1/valid/images/DSC_6176_JPG_jpg.rf.04664c35b5fa50cb08083bc94860c2ba.jpg,12 0.46875000 0.59375000 0.10781250 0.05156250,pass,visual_contact_sheet_review_codex_2026-07-16
12,eggs,29,DSC_6135_JPG,/root/autodl-tmp/visagent/datasets/fridge_original_v1/test/images/DSC_6135_JPG_jpg.rf.46fc66547616fed6ecede6cd54ff8b35.jpg,12 0.47500000 0.21562500 0.12031250 0.05156250,pass,visual_contact_sheet_review_codex_2026-07-16
12,eggs,30,DSC_6086_JPG,/root/autodl-tmp/visagent/datasets/fridge_original_v1/valid/images/DSC_6086_JPG_jpg.rf.7fcfc36ba5aecb044e4c8eb4fe6a93a0.jpg,12 0.54375000 0.22031250 0.14062500 0.04218750,pass,visual_contact_sheet_review_codex_2026-07-16
13,flour,1,DSC_6104_JPG,/root/autodl-tmp/visagent/datasets/fridge_original_v1/test/images/DSC_6104_JPG_jpg.rf.0e292d9448cd9167bff78133c4745463.jpg,13 0.62812500 0.56562500 0.12500000 0.10937500,pending,
13,flour,2,DSC_5765_JPG,/root/autodl-tmp/visagent/datasets/fridge_original_v1/test/images/DSC_5765_JPG_jpg.rf.2598b4c5ecc7a1bd71b70a8b90094b9d.jpg,13 0.48437500 0.56250000 0.14218750 0.12031250,pending,
13,flour,3,DSC_5709_JPG,/root/autodl-tmp/visagent/datasets/fridge_original_v1/train/images/DSC_5709_JPG_jpg.rf.0956d183463e604e7fbd807cc8712e70.jpg,13 0.34375000 0.58125000 0.12968750 0.10781250,pending,
13,flour,4,DSC_6100_JPG,/root/autodl-tmp/visagent/datasets/fridge_original_v1/test/images/DSC_6100_JPG_jpg.rf.31e3024fae09c69b4cc58da347fa99d6.jpg,13 0.60312500 0.19687500 0.12812500 0.09531250,pending,
13,flour,5,DSC_6073_JPG,/root/autodl-tmp/visagent/datasets/fridge_original_v1/test/images/DSC_6073_JPG_jpg.rf.355e0439ff4e69ac56704510ec35c6ea.jpg,13 0.35625000 0.19062500 0.12031250 0.11718750,pending,
13,flour,6,DSC_5719_JPG,/root/autodl-tmp/visagent/datasets/fridge_original_v1/test/images/DSC_5719_JPG_jpg.rf.0063cd95630bff52c7a2acad8b362b9c.jpg,13 0.38750000 0.41406250 0.14687500 0.15468750,pending,
13,flour,7,DSC_5800_JPG,/root/autodl-tmp/visagent/datasets/fridge_original_v1/valid/images/DSC_5800_JPG_jpg.rf.b358ef8c86dfc00920f7ff302ca6f815.jpg,13 0.55625000 0.41250000 0.12812500 0.11875000,pending,
13,flour,8,DSC_5870_JPG,/root/autodl-tmp/visagent/datasets/fridge_original_v1/test/images/DSC_5870_JPG_jpg.rf.fc90ea6728b00c71e40dcff2988fbfe2.jpg,13 0.40625000 0.55937500 0.17031250 0.12187500,pending,
13,flour,9,DSC_5940_JPG,/root/autodl-tmp/visagent/datasets/fridge_original_v1/valid/images/DSC_5940_JPG_jpg.rf.c34a1500ce190c4bd8d00f150469afd3.jpg,13 0.55312500 0.83125000 0.11093750 0.13593750,pending,
13,flour,10,DSC_6057_JPG,/root/autodl-tmp/visagent/datasets/fridge_original_v1/valid/images/DSC_6057_JPG_jpg.rf.f377052b6093f03165d00283e1a95fce.jpg,13 0.44687500 0.18437500 0.12500000 0.13125000,pending,
13,flour,11,DSC_5714_JPG,/root/autodl-tmp/visagent/datasets/fridge_original_v1/train/images/DSC_5714_JPG_jpg.rf.178531d7165b10bee383b440c46c4d46.jpg,13 0.33281250 0.57187500 0.12812500 0.12343750,pending,
13,flour,12,DSC_6190_JPG,/root/autodl-tmp/visagent/datasets/fridge_original_v1/test/images/DSC_6190_JPG_jpg.rf.32faa9c92833f7cc6141387b6f102e5b.jpg,13 0.82968750 0.18750000 0.09375000 0.11250000,pending,
13,flour,13,DSC_6088_JPG,/root/autodl-tmp/visagent/datasets/fridge_original_v1/valid/images/DSC_6088_JPG_jpg.rf.1fb6d402299a571bcc7ac3d4d49802f7.jpg,13 0.38906250 0.43125000 0.11250000 0.11250000,pending,
13,flour,14,DSC_6087_JPG,/root/autodl-tmp/visagent/datasets/fridge_original_v1/valid/images/DSC_6087_JPG_jpg.rf.aaaf0878d66b706d9650017c29490633.jpg,13 0.76406250 0.43437500 0.16406250 0.11093750,pending,
13,flour,15,DSC_5708_JPG,/root/autodl-tmp/visagent/datasets/fridge_original_v1/train/images/DSC_5708_JPG_jpg.rf.36f751fa45e7fbb89429260737067b4e.jpg,13 0.32812500 0.59062500 0.13906250 0.11875000,pending,
13,flour,16,DSC_5749_JPG,/root/autodl-tmp/visagent/datasets/fridge_original_v1/test/images/DSC_5749_JPG_jpg.rf.6eb5ffe281ab7e3d330a0279e6373a3f.jpg,13 0.68125000 0.86562500 0.14687500 0.15625000,pending,
13,flour,17,DSC_6119_JPG,/root/autodl-tmp/visagent/datasets/fridge_original_v1/test/images/DSC_6119_JPG_jpg.rf.03337c60a22658e7915203356e45edc3.jpg,13 0.81250000 0.86250000 0.09687500 0.13437500,pending,
13,flour,18,DSC_5706_JPG,/root/autodl-tmp/visagent/datasets/fridge_original_v1/test/images/DSC_5706_JPG_jpg.rf.9ab1af74a577e967e84564468629e5a6.jpg,13 0.34062500 0.58437500 0.12343750 0.12812500,pending,
13,flour,19,DSC_5998_JPG,/root/autodl-tmp/visagent/datasets/fridge_original_v1/train/images/DSC_5998_JPG_jpg.rf.1cc0fae8533cb2450932be6bbeb79593.jpg,13 0.41250000 0.41875000 0.15781250 0.11093750,pending,
13,flour,20,DSC_6053_JPG,/root/autodl-tmp/visagent/datasets/fridge_original_v1/valid/images/DSC_6053_JPG_jpg.rf.b64a960352683d577e0fb15a2ed16f93.jpg,13 0.41562500 0.18281250 0.12031250 0.13593750,pending,
13,flour,21,DSC_6094_JPG,/root/autodl-tmp/visagent/datasets/fridge_original_v1/valid/images/DSC_6094_JPG_jpg.rf.e2bb5ce494fdd975c4d466ad5c73f9b1.jpg,13 0.45937500 0.42031250 0.06875000 0.10156250,pending,
13,flour,22,DSC_6004_JPG,/root/autodl-tmp/visagent/datasets/fridge_original_v1/train/images/DSC_6004_JPG_jpg.rf.070713db67a12daf9c65394002d0e4c8.jpg,13 0.81406250 0.20000000 0.17656250 0.11562500,pending,
13,flour,23,DSC_6184_JPG,/root/autodl-tmp/visagent/datasets/fridge_original_v1/valid/images/DSC_6184_JPG_jpg.rf.79d3440cc8463230e6946e1fa2e2b6e3.jpg,13 0.78437500 0.19062500 0.10000000 0.09531250,pending,
13,flour,24,DSC_5920_JPG,/root/autodl-tmp/visagent/datasets/fridge_original_v1/test/images/DSC_5920_JPG_jpg.rf.d28db638c894b285ccfcdff4196bf041.jpg,13 0.55156250 0.17500000 0.15156250 0.14843750,pending,
13,flour,25,DSC_5968_JPG,/root/autodl-tmp/visagent/datasets/fridge_original_v1/test/images/DSC_5968_JPG_jpg.rf.0c5fb8b725f2fae857781d4adb5ce779.jpg,13 0.77812500 0.20937500 0.13906250 0.06875000,pending,
13,flour,26,DSC_6092_JPG,/root/autodl-tmp/visagent/datasets/fridge_original_v1/test/images/DSC_6092_JPG_jpg.rf.4b6bb5d7544be8d2a0d5ae6a61834d9f.jpg,13 0.44375000 0.42812500 0.10625000 0.11093750,pending,
13,flour,27,DSC_5995_JPG,/root/autodl-tmp/visagent/datasets/fridge_original_v1/valid/images/DSC_5995_JPG_jpg.rf.68134510e7f6e02d7bf6c058abd5c886.jpg,13 0.46875000 0.42187500 0.14531250 0.08906250,pending,
13,flour,28,DSC_5701_JPG,/root/autodl-tmp/visagent/datasets/fridge_original_v1/train/images/DSC_5701_JPG_jpg.rf.00d95001a8df4a26a3dd012b7caacecf.jpg,13 0.33125000 0.59062500 0.13125000 0.14687500,pending,
13,flour,29,DSC_6002_JPG,/root/autodl-tmp/visagent/datasets/fridge_original_v1/train/images/DSC_6002_JPG_jpg.rf.05130866f033e9c461f8fc4e9ae76ec9.jpg,13 0.77656250 0.19375000 0.10156250 0.09375000,pending,
13,flour,30,DSC_6076_JPG,/root/autodl-tmp/visagent/datasets/fridge_original_v1/test/images/DSC_6076_JPG_jpg.rf.a4ca2772f9ee9492c3747f4cc1930ca8.jpg,13 0.35312500 0.18750000 0.10937500 0.10468750,pending,
14,goat_cheese,1,DSC_5846_JPG,/root/autodl-tmp/visagent/datasets/fridge_original_v1/train/images/DSC_5846_JPG_jpg.rf.015b90f7021bc6595eb0f962513be03a.jpg,14 0.67812500 0.20781250 0.12187500 0.06093750,pending,
14,goat_cheese,2,DSC_5751_JPG,/root/autodl-tmp/visagent/datasets/fridge_original_v1/test/images/DSC_5751_JPG_jpg.rf.95ce9be95d3d50286371a1fd1f148540.jpg,14 0.80312500 0.87500000 0.10937500 0.06718750,pending,
14,goat_cheese,3,DSC_5820_JPG,/root/autodl-tmp/visagent/datasets/fridge_original_v1/train/images/DSC_5820_JPG_jpg.rf.018bb71a0d641cfdd778d2336b412d5a.jpg,14 0.67656250 0.44687500 0.10937500 0.06406250,pending,
14,goat_cheese,4,DSC_5919_JPG,/root/autodl-tmp/visagent/datasets/fridge_original_v1/test/images/DSC_5919_JPG_jpg.rf.f947974ff3ee1929c19b433ce561f8da.jpg,14 0.39687500 0.22031250 0.10781250 0.05625000,pending,
14,goat_cheese,5,DSC_5749_JPG,/root/autodl-tmp/visagent/datasets/fridge_original_v1/test/images/DSC_5749_JPG_jpg.rf.6eb5ffe281ab7e3d330a0279e6373a3f.jpg,14 0.78750000 0.88437500 0.10625000 0.06250000,pending,
14,goat_cheese,6,DSC_5784_JPG,/root/autodl-tmp/visagent/datasets/fridge_original_v1/test/images/DSC_5784_JPG_jpg.rf.07374bc34d6cfebf03cd3d648b194b5d.jpg,14 0.79531250 0.21250000 0.11250000 0.04843750,pending,
14,goat_cheese,7,DSC_5847_JPG,/root/autodl-tmp/visagent/datasets/fridge_original_v1/test/images/DSC_5847_JPG_jpg.rf.5038270abab5f68a86ddb75a79a368c6.jpg,14 0.69687500 0.21875000 0.10781250 0.05781250,pending,
14,goat_cheese,8,DSC_5825_JPG,/root/autodl-tmp/visagent/datasets/fridge_original_v1/valid/images/DSC_5825_JPG_jpg.rf.8dc2005e8bb3fdb8a997d29c7814d916.jpg,14 0.70312500 0.45312500 0.10468750 0.04843750,pending,
14,goat_cheese,9,DSC_5804_JPG,/root/autodl-tmp/visagent/datasets/fridge_original_v1/valid/images/DSC_5804_JPG_jpg.rf.1344600ffd9d723bcaa301851159850a.jpg,14 0.81875000 0.62812500 0.11250000 0.05937500,pending,
14,goat_cheese,10,DSC_5920_JPG,/root/autodl-tmp/visagent/datasets/fridge_original_v1/test/images/DSC_5920_JPG_jpg.rf.d28db638c894b285ccfcdff4196bf041.jpg,14 0.41093750 0.21250000 0.10156250 0.06250000,pending,
14,goat_cheese,11,DSC_5796_JPG,/root/autodl-tmp/visagent/datasets/fridge_original_v1/valid/images/DSC_5796_JPG_jpg.rf.056d9de66018b84ee5893cf1883cc648.jpg,14 0.33593750 0.46250000 0.10468750 0.06093750,pending,
14,goat_cheese,12,DSC_5823_JPG,/root/autodl-tmp/visagent/datasets/fridge_original_v1/test/images/DSC_5823_JPG_jpg.rf.27bb782732deb4888e9f3551bd09de17.jpg,14 0.71093750 0.46562500 0.10937500 0.06718750,pending,
14,goat_cheese,13,DSC_5870_JPG,/root/autodl-tmp/visagent/datasets/fridge_original_v1/test/images/DSC_5870_JPG_jpg.rf.fc90ea6728b00c71e40dcff2988fbfe2.jpg,14 0.36562500 0.61250000 0.10312500 0.06875000,pending,
14,goat_cheese,14,DSC_5750_JPG,/root/autodl-tmp/visagent/datasets/fridge_original_v1/valid/images/DSC_5750_JPG_jpg.rf.099a2a3188d017430f04980afd331069.jpg,14 0.78750000 0.88437500 0.10625000 0.06718750,pending,
14,goat_cheese,15,DSC_5913_JPG,/root/autodl-tmp/visagent/datasets/fridge_original_v1/train/images/DSC_5913_JPG_jpg.rf.2d8b2fa7fbad27fd73fc45827616516b.jpg,14 0.35468750 0.60937500 0.10468750 0.07031250,pending,
14,goat_cheese,16,DSC_5884_JPG,/root/autodl-tmp/visagent/datasets/fridge_original_v1/train/images/DSC_5884_JPG_jpg.rf.105f814fcf5b6b77f95b5e5400f28300.jpg,14 0.64843750 0.44687500 0.09062500 0.04843750,pending,
14,goat_cheese,17,DSC_5742_JPG,/root/autodl-tmp/visagent/datasets/fridge_original_v1/test/images/DSC_5742_JPG_jpg.rf.75b3298bed8f4d8ee8d6d050c5dbde03.jpg,14 0.74218750 0.61250000 0.10468750 0.05937500,pending,
14,goat_cheese,18,DSC_5917_JPG,/root/autodl-tmp/visagent/datasets/fridge_original_v1/test/images/DSC_5917_JPG_jpg.rf.3d075e02330e2a54ad248a47f64f03e5.jpg,14 0.41875000 0.20937500 0.09531250 0.06250000,pending,
14,goat_cheese,19,DSC_5826_JPG,/root/autodl-tmp/visagent/datasets/fridge_original_v1/test/images/DSC_5826_JPG_jpg.rf.1b3ae1b2a7fbc20e61ef9159f46c2e0c.jpg,14 0.71250000 0.46250000 0.10000000 0.06250000,pending,
14,goat_cheese,20,DSC_5911_JPG,/root/autodl-tmp/visagent/datasets/fridge_original_v1/test/images/DSC_5911_JPG_jpg.rf.c8699d73ba1343daadd63211d56e84e4.jpg,14 0.78750000 0.59687500 0.11250000 0.06406250,pending,
14,goat_cheese,21,DSC_5907_JPG,/root/autodl-tmp/visagent/datasets/fridge_original_v1/train/images/DSC_5907_JPG_jpg.rf.313ab327f4cf0f4d3017fb511ed27eae.jpg,14 0.78437500 0.60937500 0.11718750 0.06406250,pending,
14,goat_cheese,22,DSC_5908_JPG,/root/autodl-tmp/visagent/datasets/fridge_original_v1/test/images/DSC_5908_JPG_jpg.rf.828d6d4ee9bccc491bbf842dc426f4cb.jpg,14 0.78437500 0.60625000 0.10937500 0.05781250,pending,
14,goat_cheese,23,DSC_5790_JPG,/root/autodl-tmp/visagent/datasets/fridge_original_v1/valid/images/DSC_5790_JPG_jpg.rf.c8c4d2038843938fdb44fe94df595485.jpg,14 0.80937500 0.22187500 0.10312500 0.04843750,pending,
14,goat_cheese,24,DSC_5906_JPG,/root/autodl-tmp/visagent/datasets/fridge_original_v1/test/images/DSC_5906_JPG_jpg.rf.d719684bdc2cae2c7e3245e136a921d1.jpg,14 0.77968750 0.60937500 0.10312500 0.06562500,pending,
14,goat_cheese,25,DSC_5912_JPG,/root/autodl-tmp/visagent/datasets/fridge_original_v1/test/images/DSC_5912_JPG_jpg.rf.640d16421aab66610fdc42ef254b0814.jpg,14 0.78125000 0.60781250 0.11718750 0.06250000,pending,
14,goat_cheese,26,DSC_5910_JPG,/root/autodl-tmp/visagent/datasets/fridge_original_v1/train/images/DSC_5910_JPG_jpg.rf.4abcc051e42f815e18734168b8787c00.jpg,14 0.78437500 0.60312500 0.11562500 0.05937500,pending,
14,goat_cheese,27,DSC_5745_JPG,/root/autodl-tmp/visagent/datasets/fridge_original_v1/valid/images/DSC_5745_JPG_jpg.rf.ee996539bc1880127496b232a8518e72.jpg,14 0.74375000 0.61562500 0.10625000 0.06406250,pending,
14,goat_cheese,28,DSC_5747_JPG,/root/autodl-tmp/visagent/datasets/fridge_original_v1/train/images/DSC_5747_JPG_jpg.rf.29730b099522df8b32fe71acee38bc3d.jpg,14 0.73437500 0.91250000 0.10781250 0.07187500,pending,
14,goat_cheese,29,DSC_5752_JPG,/root/autodl-tmp/visagent/datasets/fridge_original_v1/test/images/DSC_5752_JPG_jpg.rf.189a9745e62ff468199eae9e595356b8.jpg,14 0.42031250 0.45000000 0.11875000 0.05625000,pending,
14,goat_cheese,30,DSC_5903_JPG,/root/autodl-tmp/visagent/datasets/fridge_original_v1/train/images/DSC_5903_JPG_jpg.rf.003bf70058e5a354b404912ffffe3c73.jpg,14 0.55312500 0.61562500 0.12187500 0.06562500,pending,
15,green_beans,1,DSC_5837_JPG,/root/autodl-tmp/visagent/datasets/fridge_original_v1/test/images/DSC_5837_JPG_jpg.rf.ef119b40e041be6a1f8d5a47376d1296.jpg,15 0.61250000 0.87500000 0.16093750 0.11875000,pending,
15,green_beans,2,DSC_6127_JPG,/root/autodl-tmp/visagent/datasets/fridge_original_v1/test/images/DSC_6127_JPG_jpg.rf.0d875319d1a49bdb1fe7eeff0f5161d3.jpg,15 0.51875000 0.86875000 0.20937500 0.09531250,pending,
15,green_beans,3,DSC_5975_JPG,/root/autodl-tmp/visagent/datasets/fridge_original_v1/train/images/DSC_5975_JPG_jpg.rf.13445f5eb25e6d8b845ca37aedc3049d.jpg,15 0.48593750 0.21406250 0.25000000 0.06562500,pending,
15,green_beans,4,DSC_5720_JPG,/root/autodl-tmp/visagent/datasets/fridge_original_v1/test/images/DSC_5720_JPG_jpg.rf.dce9276299c9949065e1a75d80640030.jpg,15 0.58125000 0.46562500 0.26093750 0.07343750,pending,
15,green_beans,5,DSC_5723_JPG,/root/autodl-tmp/visagent/datasets/fridge_original_v1/test/images/DSC_5723_JPG_jpg.rf.5d083eee910b4563b588a690960212ed.jpg,15 0.57187500 0.45937500 0.26406250 0.07343750,pending,
15,green_beans,6,DSC_5766_JPG,/root/autodl-tmp/visagent/datasets/fridge_original_v1/test/images/DSC_5766_JPG_jpg.rf.709e398253e680bcbb26064897019774.jpg,15 0.39843750 0.21875000 0.25312500 0.06562500,pending,
15,green_beans,7,DSC_6059_JPG,/root/autodl-tmp/visagent/datasets/fridge_original_v1/test/images/DSC_6059_JPG_jpg.rf.284dfb8b4e97ef61271c1bcb6b15882a.jpg,15 0.44687500 0.21250000 0.27656250 0.07500000,pending,
15,green_beans,8,DSC_5800_JPG,/root/autodl-tmp/visagent/datasets/fridge_original_v1/valid/images/DSC_5800_JPG_jpg.rf.b358ef8c86dfc00920f7ff302ca6f815.jpg,15 0.79062500 0.42187500 0.16406250 0.13593750,pending,
15,green_beans,9,DSC_5895_JPG,/root/autodl-tmp/visagent/datasets/fridge_original_v1/train/images/DSC_5895_JPG_jpg.rf.4c5a950820eb6745a66cb0d0e0289501.jpg,15 0.71250000 0.47500000 0.35000000 0.07187500,pending,
15,green_beans,10,DSC_5972_JPG,/root/autodl-tmp/visagent/datasets/fridge_original_v1/test/images/DSC_5972_JPG_jpg.rf.3b9caf377ec257cbe176324c22055e57.jpg,15 0.72031250 0.22343750 0.23593750 0.05156250,pending,
15,green_beans,11,DSC_6147_JPG,/root/autodl-tmp/visagent/datasets/fridge_original_v1/train/images/DSC_6147_JPG_jpg.rf.04fb8a0bae2a87acc3cc18c92a06aef7.jpg,15 0.41562500 0.20937500 0.22500000 0.06250000,pending,
15,green_beans,12,DSC_5941_JPG,/root/autodl-tmp/visagent/datasets/fridge_original_v1/test/images/DSC_5941_JPG_jpg.rf.48360365b847825c89e39baf31285126.jpg,15 0.54531250 0.59687500 0.23281250 0.08750000,pending,
15,green_beans,13,DSC_5760_JPG,/root/autodl-tmp/visagent/datasets/fridge_original_v1/test/images/DSC_5760_JPG_jpg.rf.24c83f7169a2ab75158311b21d8570b3.jpg,15 0.54062500 0.21718750 0.16406250 0.05937500,pending,
15,green_beans,14,DSC_5900_JPG,/root/autodl-tmp/visagent/datasets/fridge_original_v1/train/images/DSC_5900_JPG_jpg.rf.0681ba0016a38b7bad9f33419004ecfe.jpg,15 0.73906250 0.61250000 0.24687500 0.06250000,pending,
15,green_beans,15,DSC_6058_JPG,/root/autodl-tmp/visagent/datasets/fridge_original_v1/test/images/DSC_6058_JPG_jpg.rf.c577cbb1ceb9a006b5b781a5ec7a9f41.jpg,15 0.46093750 0.21406250 0.28750000 0.07343750,pending,
15,green_beans,16,DSC_5827_JPG,/root/autodl-tmp/visagent/datasets/fridge_original_v1/test/images/DSC_5827_JPG_jpg.rf.022c6335c00cd0ba25599cef87b0a6fd.jpg,15 0.47187500 0.44375000 0.30937500 0.10312500,pending,
15,green_beans,17,DSC_6121_JPG,/root/autodl-tmp/visagent/datasets/fridge_original_v1/test/images/DSC_6121_JPG_jpg.rf.a99cea4d60c1ecaf8d2914388bdbf6a4.jpg,15 0.64687500 0.83437500 0.18437500 0.10625000,pending,
15,green_beans,18,DSC_5722_JPG,/root/autodl-tmp/visagent/datasets/fridge_original_v1/test/images/DSC_5722_JPG_jpg.rf.3e42fd95fe1716c2d8d8ac6692a1f75e.jpg,15 0.57812500 0.46250000 0.25312500 0.06250000,pending,
15,green_beans,19,DSC_6162_JPG,/root/autodl-tmp/visagent/datasets/fridge_original_v1/test/images/DSC_6162_JPG_jpg.rf.54a150a90f3a27c9874f713283ca9f33.jpg,15 0.41562500 0.18750000 0.19687500 0.11406250,pending,
15,green_beans,20,DSC_5899_JPG,/root/autodl-tmp/visagent/datasets/fridge_original_v1/train/images/DSC_5899_JPG_jpg.rf.332b58cf7dcdba90fdcf6315611a9e3d.jpg,15 0.72343750 0.61250000 0.25468750 0.07500000,pending,
15,green_beans,21,DSC_5772_JPG,/root/autodl-tmp/visagent/datasets/fridge_original_v1/test/images/DSC_5772_JPG_jpg.rf.9d67c2a0b876d9565be075001ab4604a.jpg,15 0.69687500 0.46093750 0.24062500 0.06250000,pending,
15,green_beans,22,DSC_6176_JPG,/root/autodl-tmp/visagent/datasets/fridge_original_v1/valid/images/DSC_6176_JPG_jpg.rf.04664c35b5fa50cb08083bc94860c2ba.jpg,15 0.62343750 0.90625000 0.20625000 0.10156250,pending,
15,green_beans,23,DSC_5999_JPG,/root/autodl-tmp/visagent/datasets/fridge_original_v1/test/images/DSC_5999_JPG_jpg.rf.d7f4e32d76520d1dbaddf317229262ba.jpg,15 0.41875000 0.21093750 0.23750000 0.07031250,pending,
15,green_beans,24,DSC_5987_JPG,/root/autodl-tmp/visagent/datasets/fridge_original_v1/train/images/DSC_5987_JPG_jpg.rf.34bc734f4a73e2203af7d2626f9b44db.jpg,15 0.60937500 0.90312500 0.22187500 0.11562500,pending,
15,green_beans,25,DSC_5755_JPG,/root/autodl-tmp/visagent/datasets/fridge_original_v1/valid/images/DSC_5755_JPG_jpg.rf.9c4b5568ec33cfe9d748eb51eebec8b0.jpg,15 0.40625000 0.20312500 0.27031250 0.07187500,pending,
15,green_beans,26,DSC_5778_JPG,/root/autodl-tmp/visagent/datasets/fridge_original_v1/test/images/DSC_5778_JPG_jpg.rf.78f138b69256f77aca192bf0e7732279.jpg,15 0.68281250 0.45937500 0.25156250 0.07343750,pending,
15,green_beans,27,DSC_5736_JPG,/root/autodl-tmp/visagent/datasets/fridge_original_v1/valid/images/DSC_5736_JPG_jpg.rf.3ed6fdc218d5c4d77b6341de5ce15e24.jpg,15 0.75625000 0.59375000 0.21718750 0.08593750,pending,
15,green_beans,28,DSC_6119_JPG,/root/autodl-tmp/visagent/datasets/fridge_original_v1/test/images/DSC_6119_JPG_jpg.rf.03337c60a22658e7915203356e45edc3.jpg,15 0.74062500 0.82187500 0.19687500 0.11718750,pending,
15,green_beans,29,DSC_6115_JPG,/root/autodl-tmp/visagent/datasets/fridge_original_v1/test/images/DSC_6115_JPG_jpg.rf.098677b6ac4f43fb30b014c54bfd08ec.jpg,15 0.78593750 0.60000000 0.17656250 0.08906250,pending,
15,green_beans,30,DSC_5832_JPG,/root/autodl-tmp/visagent/datasets/fridge_original_v1/train/images/DSC_5832_JPG_jpg.rf.07481d88fc67ea5581dc84ecbb15ab69.jpg,15 0.77812500 0.19375000 0.19375000 0.09375000,pending,
16,ground_beef,1,DSC_5762_JPG,/root/autodl-tmp/visagent/datasets/fridge_original_v1/train/images/DSC_5762_JPG_jpg.rf.03b650cc2c419a310f5b80a3ea3bdc1f.jpg,16 0.75312500 0.45937500 0.19531250 0.05937500,pending,
16,ground_beef,2,DSC_5939_JPG,/root/autodl-tmp/visagent/datasets/fridge_original_v1/train/images/DSC_5939_JPG_jpg.rf.20da52d347bed960a16221138c6fe376.jpg,16 0.59531250 0.45937500 0.18906250 0.05625000,pending,
16,ground_beef,3,DSC_5921_JPG,/root/autodl-tmp/visagent/datasets/fridge_original_v1/test/images/DSC_5921_JPG_jpg.rf.4e6eb4cd563b8261433cb74bc7f8cbbd.jpg,16 0.77500000 0.87187500 0.22656250 0.11406250,pending,
16,ground_beef,4,DSC_5943_JPG,/root/autodl-tmp/visagent/datasets/fridge_original_v1/train/images/DSC_5943_JPG_jpg.rf.081af9552e6ab38dd1e12a1749c8eaba.jpg,16 0.39843750 0.45312500 0.18281250 0.06093750,pending,
16,ground_beef,5,DSC_5975_JPG,/root/autodl-tmp/visagent/datasets/fridge_original_v1/train/images/DSC_5975_JPG_jpg.rf.13445f5eb25e6d8b845ca37aedc3049d.jpg,16 0.38750000 0.87500000 0.17812500 0.10468750,pending,
16,ground_beef,6,DSC_6052_JPG,/root/autodl-tmp/visagent/datasets/fridge_original_v1/train/images/DSC_6052_JPG_jpg.rf.1a2a1212967f216212b379c6ca829ee7.jpg,16 0.37343750 0.46562500 0.19843750 0.06250000,pending,
16,ground_beef,7,DSC_5745_JPG,/root/autodl-tmp/visagent/datasets/fridge_original_v1/valid/images/DSC_5745_JPG_jpg.rf.ee996539bc1880127496b232a8518e72.jpg,16 0.54531250 0.62187500 0.17500000 0.07656250,pending,
16,ground_beef,8,DSC_5924_JPG,/root/autodl-tmp/visagent/datasets/fridge_original_v1/test/images/DSC_5924_JPG_jpg.rf.8f665c305b61005a8635f0ef056d8fcf.jpg,16 0.67187500 0.87812500 0.21875000 0.10000000,pending,
16,ground_beef,9,DSC_6045_JPG,/root/autodl-tmp/visagent/datasets/fridge_original_v1/test/images/DSC_6045_JPG_jpg.rf.7039783f692829f4499e4546c8940deb.jpg,16 0.75000000 0.45937500 0.28437500 0.04687500,pending,
16,ground_beef,10,DSC_5922_JPG,/root/autodl-tmp/visagent/datasets/fridge_original_v1/train/images/DSC_5922_JPG_jpg.rf.07ef4f02e8b7cd2f6f94832109e111c6.jpg,16 0.73281250 0.89062500 0.21406250 0.11562500,pending,
16,ground_beef,11,DSC_6121_JPG,/root/autodl-tmp/visagent/datasets/fridge_original_v1/test/images/DSC_6121_JPG_jpg.rf.a99cea4d60c1ecaf8d2914388bdbf6a4.jpg,16 0.61250000 0.45937500 0.18437500 0.05156250,pending,
16,ground_beef,12,DSC_5863_JPG,/root/autodl-tmp/visagent/datasets/fridge_original_v1/train/images/DSC_5863_JPG_jpg.rf.189d429d25999816398cff4dd752e268.jpg,16 0.73125000 0.88437500 0.17500000 0.10312500,pending,
16,ground_beef,13,DSC_6112_JPG,/root/autodl-tmp/visagent/datasets/fridge_original_v1/test/images/DSC_6112_JPG_jpg.rf.4d55f7fd0a39afd5719d5601c51c47b3.jpg,16 0.64687500 0.45937500 0.16875000 0.05000000,pending,
16,ground_beef,14,DSC_5677_JPG,/root/autodl-tmp/visagent/datasets/fridge_original_v1/valid/images/DSC_5677_JPG_jpg.rf.28bd9e8f54a73cd7e88fd39aa46d3674.jpg,16 0.47187500 0.89062500 0.17031250 0.10468750,pending,
16,ground_beef,15,DSC_6043_JPG,/root/autodl-tmp/visagent/datasets/fridge_original_v1/test/images/DSC_6043_JPG_jpg.rf.eba0befc4edd6f7b1d39baebfa894de5.jpg,16 0.69218750 0.45312500 0.20156250 0.06093750,pending,
16,ground_beef,16,DSC_6104_JPG,/root/autodl-tmp/visagent/datasets/fridge_original_v1/test/images/DSC_6104_JPG_jpg.rf.0e292d9448cd9167bff78133c4745463.jpg,16 0.47812500 0.45937500 0.25625000 0.04843750,pending,
16,ground_beef,17,DSC_5955_JPG,/root/autodl-tmp/visagent/datasets/fridge_original_v1/valid/images/DSC_5955_JPG_jpg.rf.bfc0d9dd06929e1028bd9b2ce4254bb8.jpg,16 0.75000000 0.60312500 0.18593750 0.04843750,pending,
16,ground_beef,18,DSC_6099_JPG,/root/autodl-tmp/visagent/datasets/fridge_original_v1/test/images/DSC_6099_JPG_jpg.rf.ebd4dd3977dc1e0edfb6dbb3be3a127e.jpg,16 0.47500000 0.88125000 0.19687500 0.08593750,pending,
16,ground_beef,19,DSC_5741_JPG,/root/autodl-tmp/visagent/datasets/fridge_original_v1/train/images/DSC_5741_JPG_jpg.rf.12c6e45a5e327900b79dc0f0bc0fbafe.jpg,16 0.40312500 0.46250000 0.19375000 0.06093750,pending,
16,ground_beef,20,DSC_5838_JPG,/root/autodl-tmp/visagent/datasets/fridge_original_v1/test/images/DSC_5838_JPG_jpg.rf.a0da9fc80984d6b5db620d40b422c228.jpg,16 0.38125000 0.61562500 0.16250000 0.06250000,pending,
16,ground_beef,21,DSC_5837_JPG,/root/autodl-tmp/visagent/datasets/fridge_original_v1/test/images/DSC_5837_JPG_jpg.rf.ef119b40e041be6a1f8d5a47376d1296.jpg,16 0.52187500 0.61562500 0.19375000 0.06406250,pending,
16,ground_beef,22,DSC_6103_JPG,/root/autodl-tmp/visagent/datasets/fridge_original_v1/valid/images/DSC_6103_JPG_jpg.rf.73c5089f3e48469019b1c91da424795e.jpg,16 0.55781250 0.88125000 0.19218750 0.09375000,pending,
16,ground_beef,23,DSC_5941_JPG,/root/autodl-tmp/visagent/datasets/fridge_original_v1/test/images/DSC_5941_JPG_jpg.rf.48360365b847825c89e39baf31285126.jpg,16 0.40625000 0.45781250 0.17968750 0.06718750,pending,
16,ground_beef,24,DSC_6050_JPG,/root/autodl-tmp/visagent/datasets/fridge_original_v1/test/images/DSC_6050_JPG_jpg.rf.9bb4c00dd7356f948954f1fbeab0fcab.jpg,16 0.38125000 0.45937500 0.19843750 0.06406250,pending,
16,ground_beef,25,DSC_5950_JPG,/root/autodl-tmp/visagent/datasets/fridge_original_v1/train/images/DSC_5950_JPG_jpg.rf.0c584162b0e36e0a387bc45a75034561.jpg,16 0.74062500 0.88750000 0.22343750 0.10000000,pending,
16,ground_beef,26,DSC_6101_JPG,/root/autodl-tmp/visagent/datasets/fridge_original_v1/valid/images/DSC_6101_JPG_jpg.rf.1a58654902c8ef14bdf0eb977fdd2ddd.jpg,16 0.50625000 0.89062500 0.23750000 0.07812500,pending,
16,ground_beef,27,DSC_6120_JPG,/root/autodl-tmp/visagent/datasets/fridge_original_v1/test/images/DSC_6120_JPG_jpg.rf.128fd9c4c7e47e89d8b3239d695cadb3.jpg,16 0.65312500 0.46250000 0.18437500 0.05156250,pending,
16,ground_beef,28,DSC_5679_JPG,/root/autodl-tmp/visagent/datasets/fridge_original_v1/valid/images/DSC_5679_JPG_jpg.rf.6bae81af4d7a9fa98e149634e03e9d92.jpg,16 0.47187500 0.88593750 0.16875000 0.09375000,pending,
16,ground_beef,29,DSC_6037_JPG,/root/autodl-tmp/visagent/datasets/fridge_original_v1/valid/images/DSC_6037_JPG_jpg.rf.0e043027fb095607f58584c17994f157.jpg,16 0.42812500 0.46562500 0.15000000 0.04687500,pending,
16,ground_beef,30,DSC_6115_JPG,/root/autodl-tmp/visagent/datasets/fridge_original_v1/test/images/DSC_6115_JPG_jpg.rf.098677b6ac4f43fb30b014c54bfd08ec.jpg,16 0.67500000 0.45312500 0.23593750 0.05156250,pending,
17,ham,1,DSC_5840_JPG,/root/autodl-tmp/visagent/datasets/fridge_original_v1/test/images/DSC_5840_JPG_jpg.rf.baad7a2ad2f33fe1f7f695314fc0f4e5.jpg,17 0.56250000 0.62031250 0.18750000 0.04687500,pending,
17,ham,2,DSC_5885_JPG,/root/autodl-tmp/visagent/datasets/fridge_original_v1/train/images/DSC_5885_JPG_jpg.rf.067eb5a421c6dad5b5efa3e0d17a94b0.jpg,17 0.39687500 0.90312500 0.21250000 0.08906250,pending,
17,ham,3,DSC_5839_JPG,/root/autodl-tmp/visagent/datasets/fridge_original_v1/test/images/DSC_5839_JPG_jpg.rf.df315c03c00fa3dd07ca08a0c880d6e7.jpg,17 0.55000000 0.62500000 0.17968750 0.05781250,pending,
17,ham,4,DSC_5725_JPG,/root/autodl-tmp/visagent/datasets/fridge_original_v1/test/images/DSC_5725_JPG_jpg.rf.5d9d7bc75b5565c491a7f409c3e31ad9.jpg,17 0.56250000 0.46250000 0.25000000 0.05156250,pending,
17,ham,5,DSC_5726_JPG,/root/autodl-tmp/visagent/datasets/fridge_original_v1/test/images/DSC_5726_JPG_jpg.rf.60fc6e1867bb2bd689c78b88a66ebfce.jpg,17 0.54218750 0.47187500 0.22187500 0.04062500,pending,
17,ham,6,DSC_5842_JPG,/root/autodl-tmp/visagent/datasets/fridge_original_v1/test/images/DSC_5842_JPG_jpg.rf.aec056bd61473a0af05525e46eddde91.jpg,17 0.56875000 0.62187500 0.23750000 0.04687500,pending,
17,ham,7,DSC_5867_JPG,/root/autodl-tmp/visagent/datasets/fridge_original_v1/train/images/DSC_5867_JPG_jpg.rf.0e9fb208dcda3014264633a51eee10c5.jpg,17 0.40312500 0.90625000 0.18125000 0.07500000,pending,
17,ham,8,DSC_5870_JPG,/root/autodl-tmp/visagent/datasets/fridge_original_v1/test/images/DSC_5870_JPG_jpg.rf.fc90ea6728b00c71e40dcff2988fbfe2.jpg,17 0.41250000 0.90625000 0.19687500 0.08281250,pending,
17,ham,9,DSC_5702_JPG,/root/autodl-tmp/visagent/datasets/fridge_original_v1/test/images/DSC_5702_JPG_jpg.rf.01bdd3d2b4c1ea4c4e3de712c2de09b5.jpg,17 0.60937500 0.61875000 0.25781250 0.06562500,pending,
17,ham,10,DSC_5762_JPG,/root/autodl-tmp/visagent/datasets/fridge_original_v1/train/images/DSC_5762_JPG_jpg.rf.03b650cc2c419a310f5b80a3ea3bdc1f.jpg,17 0.38125000 0.46875000 0.22500000 0.04687500,pending,
17,ham,11,DSC_5804_JPG,/root/autodl-tmp/visagent/datasets/fridge_original_v1/valid/images/DSC_5804_JPG_jpg.rf.1344600ffd9d723bcaa301851159850a.jpg,17 0.56250000 0.95312500 0.21718750 0.09062500,pending,
17,ham,12,DSC_5828_JPG,/root/autodl-tmp/visagent/datasets/fridge_original_v1/train/images/DSC_5828_JPG_jpg.rf.049aeaf037e9992dfbd2e866ab61486e.jpg,17 0.74843750 0.47187500 0.25312500 0.04687500,pending,
17,ham,13,DSC_5812_JPG,/root/autodl-tmp/visagent/datasets/fridge_original_v1/valid/images/DSC_5812_JPG_jpg.rf.69e50f44df70bbb3ab3b917a59acd06f.jpg,17 0.32812500 0.58281250 0.09687500 0.15937500,pending,
17,ham,14,DSC_5831_JPG,/root/autodl-tmp/visagent/datasets/fridge_original_v1/train/images/DSC_5831_JPG_jpg.rf.0df9d9a28ca1cbc9f7d4a45e137669fd.jpg,17 0.73906250 0.46875000 0.26250000 0.04375000,pending,
17,ham,15,DSC_5837_JPG,/root/autodl-tmp/visagent/datasets/fridge_original_v1/test/images/DSC_5837_JPG_jpg.rf.ef119b40e041be6a1f8d5a47376d1296.jpg,17 0.39062500 0.47812500 0.22812500 0.03750000,pending,
17,ham,16,DSC_5844_JPG,/root/autodl-tmp/visagent/datasets/fridge_original_v1/train/images/DSC_5844_JPG_jpg.rf.12719645667ed61c4a9ff0424b255385.jpg,17 0.55000000 0.61875000 0.21406250 0.03750000,pending,
17,ham,17,DSC_5700_JPG,/root/autodl-tmp/visagent/datasets/fridge_original_v1/test/images/DSC_5700_JPG_jpg.rf.0d346114dcde1488575561e7a987598d.jpg,17 0.61250000 0.62187500 0.25156250 0.06718750,pending,
17,ham,18,DSC_5748_JPG,/root/autodl-tmp/visagent/datasets/fridge_original_v1/valid/images/DSC_5748_JPG_jpg.rf.375900842606443068d29d70846a6724.jpg,17 0.53906250 0.47187500 0.22031250 0.05000000,pending,
17,ham,19,DSC_5838_JPG,/root/autodl-tmp/visagent/datasets/fridge_original_v1/test/images/DSC_5838_JPG_jpg.rf.a0da9fc80984d6b5db620d40b422c228.jpg,17 0.55156250 0.62343750 0.16875000 0.05000000,pending,
17,ham,20,DSC_5868_JPG,/root/autodl-tmp/visagent/datasets/fridge_original_v1/train/images/DSC_5868_JPG_jpg.rf.02f2bd85cfaf074f5ae63e93feda8159.jpg,17 0.42187500 0.90781250 0.18906250 0.07812500,pending,
17,ham,21,DSC_5750_JPG,/root/autodl-tmp/visagent/datasets/fridge_original_v1/valid/images/DSC_5750_JPG_jpg.rf.099a2a3188d017430f04980afd331069.jpg,17 0.42812500 0.93593750 0.24218750 0.11250000,pending,
17,ham,22,DSC_5833_JPG,/root/autodl-tmp/visagent/datasets/fridge_original_v1/train/images/DSC_5833_JPG_jpg.rf.3037dcc02abb4247decba5cff9596279.jpg,17 0.74062500 0.46250000 0.20625000 0.04687500,pending,
17,ham,23,DSC_5701_JPG,/root/autodl-tmp/visagent/datasets/fridge_original_v1/train/images/DSC_5701_JPG_jpg.rf.00d95001a8df4a26a3dd012b7caacecf.jpg,17 0.62187500 0.61093750 0.25000000 0.07656250,pending,
17,ham,24,DSC_5827_JPG,/root/autodl-tmp/visagent/datasets/fridge_original_v1/test/images/DSC_5827_JPG_jpg.rf.022c6335c00cd0ba25599cef87b0a6fd.jpg,17 0.74687500 0.46250000 0.20781250 0.03906250,pending,
17,ham,25,DSC_5877_JPG,/root/autodl-tmp/visagent/datasets/fridge_original_v1/test/images/DSC_5877_JPG_jpg.rf.e451695cd80c5c5fa654d90ceb58eb93.jpg,17 0.40937500 0.90625000 0.19531250 0.08750000,pending,
17,ham,26,DSC_5832_JPG,/root/autodl-tmp/visagent/datasets/fridge_original_v1/train/images/DSC_5832_JPG_jpg.rf.07481d88fc67ea5581dc84ecbb15ab69.jpg,17 0.74375000 0.45937500 0.20781250 0.04843750,pending,
17,ham,27,DSC_5749_JPG,/root/autodl-tmp/visagent/datasets/fridge_original_v1/test/images/DSC_5749_JPG_jpg.rf.6eb5ffe281ab7e3d330a0279e6373a3f.jpg,17 0.54375000 0.46562500 0.22500000 0.03437500,pending,
17,ham,28,DSC_5829_JPG,/root/autodl-tmp/visagent/datasets/fridge_original_v1/test/images/DSC_5829_JPG_jpg.rf.a7042bc4c1eb3e7b60ca2a1d80c8bcec.jpg,17 0.73750000 0.45937500 0.21562500 0.04062500,pending,
17,ham,29,DSC_5834_JPG,/root/autodl-tmp/visagent/datasets/fridge_original_v1/test/images/DSC_5834_JPG_jpg.rf.5d8ca73326fed3afb9c534f58f69af93.jpg,17 0.73906250 0.47812500 0.20156250 0.04687500,pending,
17,ham,30,DSC_5884_JPG,/root/autodl-tmp/visagent/datasets/fridge_original_v1/train/images/DSC_5884_JPG_jpg.rf.105f814fcf5b6b77f95b5e5400f28300.jpg,17 0.40937500 0.90625000 0.19531250 0.08281250,pending,
18,heavy_cream,1,DSC_6174_JPG,/root/autodl-tmp/visagent/datasets/fridge_original_v1/valid/images/DSC_6174_JPG_jpg.rf.6db7b4ef6eee774c385ce32c8fa70fb7.jpg,18 0.83906250 0.19218750 0.08281250 0.10781250,pending,
18,heavy_cream,2,DSC_5848_JPG,/root/autodl-tmp/visagent/datasets/fridge_original_v1/test/images/DSC_5848_JPG_jpg.rf.256589efe130ae6d2ade343dd27aad7e.jpg,18 0.35781250 0.42187500 0.06562500 0.10312500,pending,
18,heavy_cream,3,DSC_5843_JPG,/root/autodl-tmp/visagent/datasets/fridge_original_v1/test/images/DSC_5843_JPG_jpg.rf.11d7f9137cedc5c74a32888111615564.jpg,18 0.35781250 0.40937500 0.05937500 0.07500000,pending,
18,heavy_cream,4,DSC_5845_JPG,/root/autodl-tmp/visagent/datasets/fridge_original_v1/test/images/DSC_5845_JPG_jpg.rf.e60ee9db4ae835b2543721a1bd2a1fcc.jpg,18 0.35937500 0.41875000 0.06093750 0.10312500,pending,
18,heavy_cream,5,DSC_6005_JPG,/root/autodl-tmp/visagent/datasets/fridge_original_v1/train/images/DSC_6005_JPG_jpg.rf.0200738c4185c153e4303e9d711fd8bd.jpg,18 0.74687500 0.41875000 0.06250000 0.10000000,pending,
18,heavy_cream,6,DSC_5925_JPG,/root/autodl-tmp/visagent/datasets/fridge_original_v1/test/images/DSC_5925_JPG_jpg.rf.47eb8ee0a4eef711b10c3e78bf9e8fc8.jpg,18 0.44687500 0.19062500 0.05937500 0.10468750,pending,
18,heavy_cream,7,DSC_5796_JPG,/root/autodl-tmp/visagent/datasets/fridge_original_v1/valid/images/DSC_5796_JPG_jpg.rf.056d9de66018b84ee5893cf1883cc648.jpg,18 0.82968750 0.18906250 0.07343750 0.11718750,pending,
18,heavy_cream,8,DSC_5713_JPG,/root/autodl-tmp/visagent/datasets/fridge_original_v1/test/images/DSC_5713_JPG_jpg.rf.d8a6a885c4b826d0853763987f929b65.jpg,18 0.31875000 0.83750000 0.05781250 0.10000000,pending,
18,heavy_cream,9,DSC_5712_JPG,/root/autodl-tmp/visagent/datasets/fridge_original_v1/test/images/DSC_5712_JPG_jpg.rf.d5377fa28db29284b4a5c784c4142bdc.jpg,18 0.30781250 0.83437500 0.05781250 0.10312500,pending,
18,heavy_cream,10,DSC_6119_JPG,/root/autodl-tmp/visagent/datasets/fridge_original_v1/test/images/DSC_6119_JPG_jpg.rf.03337c60a22658e7915203356e45edc3.jpg,18 0.47031250 0.19375000 0.05937500 0.09687500,pending,
18,heavy_cream,11,DSC_6017_JPG,/root/autodl-tmp/visagent/datasets/fridge_original_v1/train/images/DSC_6017_JPG_jpg.rf.1b86fd1612a74e88e7f5e253a4fb743f.jpg,18 0.38437500 0.58125000 0.09062500 0.11875000,pending,
18,heavy_cream,12,DSC_5931_JPG,/root/autodl-tmp/visagent/datasets/fridge_original_v1/test/images/DSC_5931_JPG_jpg.rf.49a772c807c9c3e0364419196fb48a84.jpg,18 0.43437500 0.19375000 0.06562500 0.09687500,pending,
18,heavy_cream,13,DSC_5825_JPG,/root/autodl-tmp/visagent/datasets/fridge_original_v1/valid/images/DSC_5825_JPG_jpg.rf.8dc2005e8bb3fdb8a997d29c7814d916.jpg,18 0.70625000 0.43593750 0.05937500 0.11406250,pending,
18,heavy_cream,14,DSC_6173_JPG,/root/autodl-tmp/visagent/datasets/fridge_original_v1/valid/images/DSC_6173_JPG_jpg.rf.cdd6dcbb4e7871f550ba981dc6150811.jpg,18 0.84062500 0.19218750 0.08125000 0.10781250,pending,
18,heavy_cream,15,DSC_5841_JPG,/root/autodl-tmp/visagent/datasets/fridge_original_v1/test/images/DSC_5841_JPG_jpg.rf.fdedce3bdff3521c75d225996613ed26.jpg,18 0.35000000 0.41562500 0.06406250 0.07812500,pending,
18,heavy_cream,16,DSC_5869_JPG,/root/autodl-tmp/visagent/datasets/fridge_original_v1/test/images/DSC_5869_JPG_jpg.rf.d1ebfdf3a50e37ba948e13bcd2a13901.jpg,18 0.68125000 0.18750000 0.08281250 0.11562500,pending,
18,heavy_cream,17,DSC_5863_JPG,/root/autodl-tmp/visagent/datasets/fridge_original_v1/train/images/DSC_5863_JPG_jpg.rf.189d429d25999816398cff4dd752e268.jpg,18 0.47031250 0.57031250 0.06406250 0.12187500,pending,
18,heavy_cream,18,DSC_5842_JPG,/root/autodl-tmp/visagent/datasets/fridge_original_v1/test/images/DSC_5842_JPG_jpg.rf.aec056bd61473a0af05525e46eddde91.jpg,18 0.35625000 0.41406250 0.06562500 0.08437500,pending,
18,heavy_cream,19,DSC_6116_JPG,/root/autodl-tmp/visagent/datasets/fridge_original_v1/test/images/DSC_6116_JPG_jpg.rf.c6d794e532c7b3a5e96449516893da90.jpg,18 0.47187500 0.18906250 0.06250000 0.08750000,pending,
18,heavy_cream,20,DSC_5753_JPG,/root/autodl-tmp/visagent/datasets/fridge_original_v1/train/images/DSC_5753_JPG_jpg.rf.0379e1fd94af039879500a102ce2e876.jpg,18 0.46406250 0.43125000 0.06406250 0.10937500,pending,
18,heavy_cream,21,DSC_6183_JPG,/root/autodl-tmp/visagent/datasets/fridge_original_v1/test/images/DSC_6183_JPG_jpg.rf.84f6124ac517cd68f385c160ffc7dbf2.jpg,18 0.84375000 0.19062500 0.07500000 0.10625000,pending,
18,heavy_cream,22,DSC_5998_JPG,/root/autodl-tmp/visagent/datasets/fridge_original_v1/train/images/DSC_5998_JPG_jpg.rf.1cc0fae8533cb2450932be6bbeb79593.jpg,18 0.51875000 0.42343750 0.05937500 0.10937500,pending,
18,heavy_cream,23,DSC_5714_JPG,/root/autodl-tmp/visagent/datasets/fridge_original_v1/train/images/DSC_5714_JPG_jpg.rf.178531d7165b10bee383b440c46c4d46.jpg,18 0.33750000 0.88437500 0.06562500 0.11250000,pending,
18,heavy_cream,24,DSC_5718_JPG,/root/autodl-tmp/visagent/datasets/fridge_original_v1/train/images/DSC_5718_JPG_jpg.rf.1990a4dc0f7f81fe4be113743ad89cc0.jpg,18 0.39687500 0.89687500 0.06562500 0.11250000,pending,
18,heavy_cream,25,DSC_6006_JPG,/root/autodl-tmp/visagent/datasets/fridge_original_v1/valid/images/DSC_6006_JPG_jpg.rf.d626602c821e572d255ac4066dc11a2f.jpg,18 0.75000000 0.40625000 0.05937500 0.07343750,pending,
18,heavy_cream,26,DSC_6184_JPG,/root/autodl-tmp/visagent/datasets/fridge_original_v1/valid/images/DSC_6184_JPG_jpg.rf.79d3440cc8463230e6946e1fa2e2b6e3.jpg,18 0.56875000 0.41875000 0.06875000 0.10937500,pending,
18,heavy_cream,27,DSC_5738_JPG,/root/autodl-tmp/visagent/datasets/fridge_original_v1/valid/images/DSC_5738_JPG_jpg.rf.595c23863091f3cab429815f0dd0cbbd.jpg,18 0.71875000 0.86875000 0.06250000 0.10000000,pending,
18,heavy_cream,28,DSC_6023_JPG,/root/autodl-tmp/visagent/datasets/fridge_original_v1/train/images/DSC_6023_JPG_jpg.rf.1be0494267e47af4d4306b848803f0bd.jpg,18 0.84687500 0.87187500 0.07812500 0.12500000,pending,
18,heavy_cream,29,DSC_6166_JPG,/root/autodl-tmp/visagent/datasets/fridge_original_v1/valid/images/DSC_6166_JPG_jpg.rf.16db748efdf11333870de7e854c6cb8c.jpg,18 0.59687500 0.42812500 0.07187500 0.11093750,pending,
18,heavy_cream,30,DSC_5701_JPG,/root/autodl-tmp/visagent/datasets/fridge_original_v1/train/images/DSC_5701_JPG_jpg.rf.00d95001a8df4a26a3dd012b7caacecf.jpg,18 0.34687500 0.85156250 0.05781250 0.10000000,pending,
19,lime,1,DSC_5750_JPG,/root/autodl-tmp/visagent/datasets/fridge_original_v1/valid/images/DSC_5750_JPG_jpg.rf.099a2a3188d017430f04980afd331069.jpg,19 0.69687500 0.60000000 0.15000000 0.06718750,pending,
19,lime,2,DSC_5957_JPG,/root/autodl-tmp/visagent/datasets/fridge_original_v1/train/images/DSC_5957_JPG_jpg.rf.08d3fef4d465490cb656fcf8a4fb6d61.jpg,19 0.81406250 0.22812500 0.13593750 0.04375000,pending,
19,lime,3,DSC_5756_JPG,/root/autodl-tmp/visagent/datasets/fridge_original_v1/test/images/DSC_5756_JPG_jpg.rf.906799f9653a48dbb46da35a94849380.jpg,19 0.67812500 0.60781250 0.18125000 0.07187500,pending,
19,lime,4,DSC_5839_JPG,/root/autodl-tmp/visagent/datasets/fridge_original_v1/test/images/DSC_5839_JPG_jpg.rf.df315c03c00fa3dd07ca08a0c880d6e7.jpg,19 0.79218750 0.23906250 0.12968750 0.05468750,pending,
19,lime,5,DSC_5956_JPG,/root/autodl-tmp/visagent/datasets/fridge_original_v1/valid/images/DSC_5956_JPG_jpg.rf.f1b769f2923e51eb77147f4bf54f06f4.jpg,19 0.81250000 0.22812500 0.12968750 0.04531250,pending,
19,lime,6,DSC_5713_JPG,/root/autodl-tmp/visagent/datasets/fridge_original_v1/test/images/DSC_5713_JPG_jpg.rf.d8a6a885c4b826d0853763987f929b65.jpg,19 0.70000000 0.46250000 0.20312500 0.05156250,pending,
19,lime,7,DSC_6033_JPG,/root/autodl-tmp/visagent/datasets/fridge_original_v1/train/images/DSC_6033_JPG_jpg.rf.0f67a27fa694c2d5e75b890e1ebb8c03.jpg,19 0.71250000 0.45000000 0.25781250 0.04687500,pending,
19,lime,8,DSC_5877_JPG,/root/autodl-tmp/visagent/datasets/fridge_original_v1/test/images/DSC_5877_JPG_jpg.rf.e451695cd80c5c5fa654d90ceb58eb93.jpg,19 0.70937500 0.45937500 0.25781250 0.06562500,pending,
19,lime,9,DSC_5733_JPG,/root/autodl-tmp/visagent/datasets/fridge_original_v1/valid/images/DSC_5733_JPG_jpg.rf.a75d4f343ab76505948baa2c11c52e1c.jpg,19 0.76093750 0.46250000 0.19062500 0.05781250,pending,
19,lime,10,DSC_5863_JPG,/root/autodl-tmp/visagent/datasets/fridge_original_v1/train/images/DSC_5863_JPG_jpg.rf.189d429d25999816398cff4dd752e268.jpg,19 0.78593750 0.21250000 0.15156250 0.05156250,pending,
19,lime,11,DSC_5824_JPG,/root/autodl-tmp/visagent/datasets/fridge_original_v1/test/images/DSC_5824_JPG_jpg.rf.ba09bdd2dd95de5f1ad21f7667e451fe.jpg,19 0.49687500 0.88437500 0.16250000 0.08906250,pending,
19,lime,12,DSC_5834_JPG,/root/autodl-tmp/visagent/datasets/fridge_original_v1/test/images/DSC_5834_JPG_jpg.rf.5d8ca73326fed3afb9c534f58f69af93.jpg,19 0.40000000 0.22500000 0.16093750 0.04843750,pending,
19,lime,13,DSC_5761_JPG,/root/autodl-tmp/visagent/datasets/fridge_original_v1/test/images/DSC_5761_JPG_jpg.rf.111a839a2937a9f47ac0efbdf42a4f08.jpg,19 0.35625000 0.87812500 0.15312500 0.08125000,pending,
19,lime,14,DSC_6041_JPG,/root/autodl-tmp/visagent/datasets/fridge_original_v1/train/images/DSC_6041_JPG_jpg.rf.09e36630badb9681b1a6feea7e8c07a8.jpg,19 0.40937500 0.21875000 0.14375000 0.04531250,pending,
19,lime,15,DSC_6074_JPG,/root/autodl-tmp/visagent/datasets/fridge_original_v1/test/images/DSC_6074_JPG_jpg.rf.068f07af184b6c0db9d6c3e8a5524932.jpg,19 0.55468750 0.46250000 0.13125000 0.04531250,pending,
19,lime,16,DSC_5762_JPG,/root/autodl-tmp/visagent/datasets/fridge_original_v1/train/images/DSC_5762_JPG_jpg.rf.03b650cc2c419a310f5b80a3ea3bdc1f.jpg,19 0.37343750 0.88281250 0.15781250 0.08281250,pending,
19,lime,17,DSC_5764_JPG,/root/autodl-tmp/visagent/datasets/fridge_original_v1/train/images/DSC_5764_JPG_jpg.rf.06c7dfa41a0ec9c63c2a8a73c32e3f9f.jpg,19 0.36562500 0.88437500 0.14375000 0.08750000,pending,
19,lime,18,DSC_5829_JPG,/root/autodl-tmp/visagent/datasets/fridge_original_v1/test/images/DSC_5829_JPG_jpg.rf.a7042bc4c1eb3e7b60ca2a1d80c8bcec.jpg,19 0.52187500 0.88437500 0.16093750 0.09531250,pending,
19,lime,19,DSC_5952_JPG,/root/autodl-tmp/visagent/datasets/fridge_original_v1/valid/images/DSC_5952_JPG_jpg.rf.aa92102cca967b8ce8a2ef5c260198d2.jpg,19 0.80625000 0.22187500 0.12812500 0.05000000,pending,
19,lime,20,DSC_5760_JPG,/root/autodl-tmp/visagent/datasets/fridge_original_v1/test/images/DSC_5760_JPG_jpg.rf.24c83f7169a2ab75158311b21d8570b3.jpg,19 0.37500000 0.88281250 0.15468750 0.08281250,pending,
19,lime,21,DSC_5835_JPG,/root/autodl-tmp/visagent/datasets/fridge_original_v1/test/images/DSC_5835_JPG_jpg.rf.d72339eb5b0706a643f9676d2907d8c3.jpg,19 0.38750000 0.22500000 0.16406250 0.03906250,pending,
19,lime,22,DSC_5973_JPG,/root/autodl-tmp/visagent/datasets/fridge_original_v1/train/images/DSC_5973_JPG_jpg.rf.15a0865972aa4a3a2d3bf53fb273314a.jpg,19 0.73906250 0.59062500 0.10312500 0.06562500,pending,
19,lime,23,DSC_5823_JPG,/root/autodl-tmp/visagent/datasets/fridge_original_v1/test/images/DSC_5823_JPG_jpg.rf.27bb782732deb4888e9f3551bd09de17.jpg,19 0.75625000 0.89687500 0.15312500 0.08437500,pending,
19,lime,24,DSC_5950_JPG,/root/autodl-tmp/visagent/datasets/fridge_original_v1/train/images/DSC_5950_JPG_jpg.rf.0c584162b0e36e0a387bc45a75034561.jpg,19 0.80625000 0.22187500 0.13281250 0.04687500,pending,
19,lime,25,DSC_5840_JPG,/root/autodl-tmp/visagent/datasets/fridge_original_v1/test/images/DSC_5840_JPG_jpg.rf.baad7a2ad2f33fe1f7f695314fc0f4e5.jpg,19 0.77187500 0.21875000 0.12812500 0.04375000,pending,
19,lime,26,DSC_6079_JPG,/root/autodl-tmp/visagent/datasets/fridge_original_v1/test/images/DSC_6079_JPG_jpg.rf.01c389ecdb2eb40662195d8e37b93566.jpg,19 0.75000000 0.59687500 0.16718750 0.07187500,pending,
19,lime,27,DSC_5970_JPG,/root/autodl-tmp/visagent/datasets/fridge_original_v1/train/images/DSC_5970_JPG_jpg.rf.07c323fdb693df3ac6c4142fff07894f.jpg,19 0.75156250 0.89062500 0.14687500 0.07812500,pending,
19,lime,28,DSC_5709_JPG,/root/autodl-tmp/visagent/datasets/fridge_original_v1/train/images/DSC_5709_JPG_jpg.rf.0956d183463e604e7fbd807cc8712e70.jpg,19 0.69375000 0.45781250 0.19375000 0.04375000,pending,
19,lime,29,DSC_6106_JPG,/root/autodl-tmp/visagent/datasets/fridge_original_v1/test/images/DSC_6106_JPG_jpg.rf.30bfdff8391374dc5eddfbd5c26d6928.jpg,19 0.62031250 0.85312500 0.09843750 0.04375000,pending,
19,lime,30,DSC_6116_JPG,/root/autodl-tmp/visagent/datasets/fridge_original_v1/test/images/DSC_6116_JPG_jpg.rf.c6d794e532c7b3a5e96449516893da90.jpg,19 0.83593750 0.46406250 0.11718750 0.04531250,pending,
20,milk,1,DSC_5721_JPG,/root/autodl-tmp/visagent/datasets/fridge_original_v1/test/images/DSC_5721_JPG_jpg.rf.f206593e94a568c7a9b245aef8926eb8.jpg,20 0.65781250 0.82187500 0.09687500 0.16406250,pass,visual_contact_sheet_review_codex_2026-07-16
20,milk,2,DSC_6036_JPG,/root/autodl-tmp/visagent/datasets/fridge_original_v1/train/images/DSC_6036_JPG_jpg.rf.29acdab7b0985d3db2ca9a8e14761182.jpg,20 0.37500000 0.59375000 0.09531250 0.09531250,pass,visual_contact_sheet_review_codex_2026-07-16
20,milk,3,DSC_5720_JPG,/root/autodl-tmp/visagent/datasets/fridge_original_v1/test/images/DSC_5720_JPG_jpg.rf.dce9276299c9949065e1a75d80640030.jpg,20 0.65000000 0.82187500 0.10156250 0.16406250,pass,visual_contact_sheet_review_codex_2026-07-16
20,milk,4,DSC_5777_JPG,/root/autodl-tmp/visagent/datasets/fridge_original_v1/test/images/DSC_5777_JPG_jpg.rf.2294706b76b934c4c55876ca45e43e51.jpg,20 0.70000000 0.83125000 0.09062500 0.16093750,pass,visual_contact_sheet_review_codex_2026-07-16
20,milk,5,DSC_5745_JPG,/root/autodl-tmp/visagent/datasets/fridge_original_v1/valid/images/DSC_5745_JPG_jpg.rf.ee996539bc1880127496b232a8518e72.jpg,20 0.57187500 0.40312500 0.10468750 0.17968750,pass,visual_contact_sheet_review_codex_2026-07-16
20,milk,6,DSC_6195_JPG,/root/autodl-tmp/visagent/datasets/fridge_original_v1/test/images/DSC_6195_JPG_jpg.rf.39496ae91c29aad6c7705d1c4685753e.jpg,20 0.76562500 0.41093750 0.09062500 0.16718750,pass,visual_contact_sheet_review_codex_2026-07-16
20,milk,7,DSC_6042_JPG,/root/autodl-tmp/visagent/datasets/fridge_original_v1/valid/images/DSC_6042_JPG_jpg.rf.49c41b298d2706984682e5ebd616f075.jpg,20 0.37812500 0.60312500 0.09062500 0.09531250,pass,visual_contact_sheet_review_codex_2026-07-16
20,milk,8,DSC_6051_JPG,/root/autodl-tmp/visagent/datasets/fridge_original_v1/valid/images/DSC_6051_JPG_jpg.rf.fa3f03b2ca1e12ae6a27bef3db8f3ed0.jpg,20 0.60468750 0.17187500 0.10781250 0.15937500,pass,visual_contact_sheet_review_codex_2026-07-16
20,milk,9,DSC_6043_JPG,/root/autodl-tmp/visagent/datasets/fridge_original_v1/test/images/DSC_6043_JPG_jpg.rf.eba0befc4edd6f7b1d39baebfa894de5.jpg,20 0.38437500 0.60312500 0.10156250 0.09843750,pass,visual_contact_sheet_review_codex_2026-07-16
20,milk,10,DSC_6052_JPG,/root/autodl-tmp/visagent/datasets/fridge_original_v1/train/images/DSC_6052_JPG_jpg.rf.1a2a1212967f216212b379c6ca829ee7.jpg,20 0.50000000 0.39531250 0.08906250 0.14687500,pass,visual_contact_sheet_review_codex_2026-07-16
20,milk,11,DSC_5702_JPG,/root/autodl-tmp/visagent/datasets/fridge_original_v1/test/images/DSC_5702_JPG_jpg.rf.01bdd3d2b4c1ea4c4e3de712c2de09b5.jpg,20 0.64062500 0.82031250 0.10156250 0.15625000,pass,visual_contact_sheet_review_codex_2026-07-16
20,milk,12,DSC_5731_JPG,/root/autodl-tmp/visagent/datasets/fridge_original_v1/train/images/DSC_5731_JPG_jpg.rf.1838b521521df44858ef065774e2d901.jpg,20 0.73750000 0.17343750 0.09062500 0.15625000,pass,visual_contact_sheet_review_codex_2026-07-16
20,milk,13,DSC_6083_JPG,/root/autodl-tmp/visagent/datasets/fridge_original_v1/test/images/DSC_6083_JPG_jpg.rf.1b06bc7dc7389af73f20c29cd206b120.jpg,20 0.38906250 0.17031250 0.08593750 0.16406250,pass,visual_contact_sheet_review_codex_2026-07-16
20,milk,14,DSC_6103_JPG,/root/autodl-tmp/visagent/datasets/fridge_original_v1/valid/images/DSC_6103_JPG_jpg.rf.73c5089f3e48469019b1c91da424795e.jpg,20 0.40312500 0.17031250 0.12343750 0.15781250,pass,visual_contact_sheet_review_codex_2026-07-16
20,milk,15,DSC_6028_JPG,/root/autodl-tmp/visagent/datasets/fridge_original_v1/valid/images/DSC_6028_JPG_jpg.rf.a85d8906991d8c8a191b231af4a9090d.jpg,20 0.58750000 0.16562500 0.10937500 0.16406250,pass,visual_contact_sheet_review_codex_2026-07-16
20,milk,16,DSC_6041_JPG,/root/autodl-tmp/visagent/datasets/fridge_original_v1/train/images/DSC_6041_JPG_jpg.rf.09e36630badb9681b1a6feea7e8c07a8.jpg,20 0.38125000 0.59687500 0.09687500 0.10000000,pass,visual_contact_sheet_review_codex_2026-07-16
20,milk,17,DSC_5966_JPG,/root/autodl-tmp/visagent/datasets/fridge_original_v1/test/images/DSC_5966_JPG_jpg.rf.7d03da9150ce1555e9151e5551733c4b.jpg,20 0.74062500 0.62187500 0.12656250 0.05312500,pass,visual_contact_sheet_review_codex_2026-07-16
20,milk,18,DSC_6027_JPG,/root/autodl-tmp/visagent/datasets/fridge_original_v1/train/images/DSC_6027_JPG_jpg.rf.00125f1a72520a15ab62d74b7362b750.jpg,20 0.56875000 0.15937500 0.11250000 0.17031250,pass,visual_contact_sheet_review_codex_2026-07-16
20,milk,19,DSC_6056_JPG,/root/autodl-tmp/visagent/datasets/fridge_original_v1/train/images/DSC_6056_JPG_jpg.rf.09e02296282a2f861a8ad9eeb17fe509.jpg,20 0.78437500 0.40000000 0.09531250 0.15156250,pass,visual_contact_sheet_review_codex_2026-07-16
20,milk,20,DSC_6047_JPG,/root/autodl-tmp/visagent/datasets/fridge_original_v1/test/images/DSC_6047_JPG_jpg.rf.4361d2cc2055b3c69b7bec2f37e17197.jpg,20 0.80156250 0.18750000 0.12343750 0.15156250,pass,visual_contact_sheet_review_codex_2026-07-16
20,milk,21,DSC_6046_JPG,/root/autodl-tmp/visagent/datasets/fridge_original_v1/test/images/DSC_6046_JPG_jpg.rf.a94418e694c114c887ea5a055a8f3ccf.jpg,20 0.36875000 0.59687500 0.09531250 0.09687500,pass,visual_contact_sheet_review_codex_2026-07-16
20,milk,22,DSC_5726_JPG,/root/autodl-tmp/visagent/datasets/fridge_original_v1/test/images/DSC_5726_JPG_jpg.rf.60fc6e1867bb2bd689c78b88a66ebfce.jpg,20 0.58593750 0.82968750 0.11250000 0.17343750,pass,visual_contact_sheet_review_codex_2026-07-16
20,milk,23,DSC_6113_JPG,/root/autodl-tmp/visagent/datasets/fridge_original_v1/test/images/DSC_6113_JPG_jpg.rf.db577948b8c4e5f745f263a889f2f8ea.jpg,20 0.40937500 0.16250000 0.09843750 0.13281250,pass,visual_contact_sheet_review_codex_2026-07-16
20,milk,24,DSC_6060_JPG,/root/autodl-tmp/visagent/datasets/fridge_original_v1/test/images/DSC_6060_JPG_jpg.rf.73dac8ff2476d53b53e0c10ee6dc9ea5.jpg,20 0.41562500 0.83750000 0.11562500 0.16718750,pass,visual_contact_sheet_review_codex_2026-07-16
20,milk,25,DSC_6055_JPG,/root/autodl-tmp/visagent/datasets/fridge_original_v1/train/images/DSC_6055_JPG_jpg.rf.0ab1802c7075ee064d32a830d053eec9.jpg,20 0.41875000 0.39687500 0.09218750 0.15781250,pass,visual_contact_sheet_review_codex_2026-07-16
20,milk,26,DSC_5790_JPG,/root/autodl-tmp/visagent/datasets/fridge_original_v1/valid/images/DSC_5790_JPG_jpg.rf.c8c4d2038843938fdb44fe94df595485.jpg,20 0.74843750 0.82343750 0.11875000 0.15625000,pass,visual_contact_sheet_review_codex_2026-07-16
20,milk,27,DSC_6053_JPG,/root/autodl-tmp/visagent/datasets/fridge_original_v1/valid/images/DSC_6053_JPG_jpg.rf.b64a960352683d577e0fb15a2ed16f93.jpg,20 0.50625000 0.40000000 0.09375000 0.14843750,pass,visual_contact_sheet_review_codex_2026-07-16
20,milk,28,DSC_6049_JPG,/root/autodl-tmp/visagent/datasets/fridge_original_v1/train/images/DSC_6049_JPG_jpg.rf.0f094154bb1eac102d32003a20381f3f.jpg,20 0.65312500 0.17187500 0.10625000 0.15781250,pass,visual_contact_sheet_review_codex_2026-07-16
20,milk,29,DSC_6057_JPG,/root/autodl-tmp/visagent/datasets/fridge_original_v1/valid/images/DSC_6057_JPG_jpg.rf.f377052b6093f03165d00283e1a95fce.jpg,20 0.40000000 0.40625000 0.12187500 0.16718750,pass,visual_contact_sheet_review_codex_2026-07-16
20,milk,30,DSC_5724_JPG,/root/autodl-tmp/visagent/datasets/fridge_original_v1/test/images/DSC_5724_JPG_jpg.rf.02b21ec0627bc50a0dda65f3079e14ea.jpg,20 0.59062500 0.82500000 0.11093750 0.16250000,pass,visual_contact_sheet_review_codex_2026-07-16
21,mushrooms,1,DSC_5756_JPG,/root/autodl-tmp/visagent/datasets/fridge_original_v1/test/images/DSC_5756_JPG_jpg.rf.906799f9653a48dbb46da35a94849380.jpg,21 0.37812500 0.86250000 0.19687500 0.11093750,pending,
21,mushrooms,2,DSC_5834_JPG,/root/autodl-tmp/visagent/datasets/fridge_original_v1/test/images/DSC_5834_JPG_jpg.rf.5d8ca73326fed3afb9c534f58f69af93.jpg,21 0.35000000 0.44375000 0.14218750 0.09687500,pending,
21,mushrooms,3,DSC_5920_JPG,/root/autodl-tmp/visagent/datasets/fridge_original_v1/test/images/DSC_5920_JPG_jpg.rf.d28db638c894b285ccfcdff4196bf041.jpg,21 0.44062500 0.59062500 0.23437500 0.09687500,pending,
21,mushrooms,4,DSC_6187_JPG,/root/autodl-tmp/visagent/datasets/fridge_original_v1/valid/images/DSC_6187_JPG_jpg.rf.78ddbcba4134036d051182b0c805cf87.jpg,21 0.71250000 0.84375000 0.13437500 0.08906250,pending,
21,mushrooms,5,DSC_6063_JPG,/root/autodl-tmp/visagent/datasets/fridge_original_v1/train/images/DSC_6063_JPG_jpg.rf.163d661ab39cc5a4814c653cb2127504.jpg,21 0.77187500 0.59687500 0.15937500 0.07812500,pending,
21,mushrooms,6,DSC_5959_JPG,/root/autodl-tmp/visagent/datasets/fridge_original_v1/test/images/DSC_5959_JPG_jpg.rf.7c0b8226c54d993180a1c5f1535f5425.jpg,21 0.77187500 0.59062500 0.15625000 0.07812500,pending,
21,mushrooms,7,DSC_5746_JPG,/root/autodl-tmp/visagent/datasets/fridge_original_v1/valid/images/DSC_5746_JPG_jpg.rf.2f6caa5e81c434a2026399eaa0cacd2a.jpg,21 0.56875000 0.85312500 0.18281250 0.09062500,pending,
21,mushrooms,8,DSC_6113_JPG,/root/autodl-tmp/visagent/datasets/fridge_original_v1/test/images/DSC_6113_JPG_jpg.rf.db577948b8c4e5f745f263a889f2f8ea.jpg,21 0.56875000 0.20781250 0.16093750 0.06718750,pending,
21,mushrooms,9,DSC_5743_JPG,/root/autodl-tmp/visagent/datasets/fridge_original_v1/valid/images/DSC_5743_JPG_jpg.rf.f3e0e793c502048110e5c14beddf7c2b.jpg,21 0.57812500 0.85156250 0.19062500 0.09375000,pending,
21,mushrooms,10,DSC_6033_JPG,/root/autodl-tmp/visagent/datasets/fridge_original_v1/train/images/DSC_6033_JPG_jpg.rf.0f67a27fa694c2d5e75b890e1ebb8c03.jpg,21 0.39062500 0.20625000 0.15156250 0.07187500,pending,
21,mushrooms,11,DSC_6151_JPG,/root/autodl-tmp/visagent/datasets/fridge_original_v1/test/images/DSC_6151_JPG_jpg.rf.c4c7693eac28b43284d5303fd366e598.jpg,21 0.40937500 0.43906250 0.14843750 0.07500000,pending,
21,mushrooms,12,DSC_6171_JPG,/root/autodl-tmp/visagent/datasets/fridge_original_v1/valid/images/DSC_6171_JPG_jpg.rf.a26a706607067f0e83061e472bc80cf8.jpg,21 0.63437500 0.44687500 0.14531250 0.06562500,pending,
21,mushrooms,13,DSC_6026_JPG,/root/autodl-tmp/visagent/datasets/fridge_original_v1/valid/images/DSC_6026_JPG_jpg.rf.b0976ea9dc06e0519ac9d26cb8b95689.jpg,21 0.58437500 0.45000000 0.15625000 0.08281250,pending,
21,mushrooms,14,DSC_5809_JPG,/root/autodl-tmp/visagent/datasets/fridge_original_v1/valid/images/DSC_5809_JPG_jpg.rf.9d6ffaf8bbf3fc793a8c2ee0c386b167.jpg,21 0.66562500 0.60312500 0.13906250 0.08125000,pending,
21,mushrooms,15,DSC_5915_JPG,/root/autodl-tmp/visagent/datasets/fridge_original_v1/test/images/DSC_5915_JPG_jpg.rf.2beb41e75cf232319d0e1bd5b49ac796.jpg,21 0.44375000 0.59375000 0.22812500 0.09375000,pending,
21,mushrooms,16,DSC_6064_JPG,/root/autodl-tmp/visagent/datasets/fridge_original_v1/test/images/DSC_6064_JPG_jpg.rf.e573d423086d6729fc7ebb8f9f714750.jpg,21 0.73750000 0.59375000 0.15625000 0.07968750,pending,
21,mushrooms,17,DSC_6184_JPG,/root/autodl-tmp/visagent/datasets/fridge_original_v1/valid/images/DSC_6184_JPG_jpg.rf.79d3440cc8463230e6946e1fa2e2b6e3.jpg,21 0.71250000 0.84531250 0.13281250 0.08906250,pending,
21,mushrooms,18,DSC_6164_JPG,/root/autodl-tmp/visagent/datasets/fridge_original_v1/valid/images/DSC_6164_JPG_jpg.rf.792481e35e0853b566b45cef5d70c68c.jpg,21 0.74062500 0.87187500 0.14218750 0.08593750,pending,
21,mushrooms,19,DSC_6018_JPG,/root/autodl-tmp/visagent/datasets/fridge_original_v1/valid/images/DSC_6018_JPG_jpg.rf.3c46b2225c522e5a22572e5ebdee3a9a.jpg,21 0.74062500 0.44062500 0.13281250 0.07812500,pending,
21,mushrooms,20,DSC_6145_JPG,/root/autodl-tmp/visagent/datasets/fridge_original_v1/valid/images/DSC_6145_JPG_jpg.rf.5ee6309d08e89130b848b8c7585ac3cb.jpg,21 0.60781250 0.60312500 0.17187500 0.07656250,pending,
21,mushrooms,21,DSC_6138_JPG,/root/autodl-tmp/visagent/datasets/fridge_original_v1/test/images/DSC_6138_JPG_jpg.rf.f2f73bfdaeda1744787614303bda6a15.jpg,21 0.62187500 0.88593750 0.15625000 0.09062500,pending,
21,mushrooms,22,DSC_5887_JPG,/root/autodl-tmp/visagent/datasets/fridge_original_v1/test/images/DSC_5887_JPG_jpg.rf.2c039bb2a101754dde74631a7bdc6c94.jpg,21 0.36093750 0.59843750 0.16093750 0.10312500,pending,
21,mushrooms,23,DSC_5734_JPG,/root/autodl-tmp/visagent/datasets/fridge_original_v1/train/images/DSC_5734_JPG_jpg.rf.054905855d6676de6989a93dda016714.jpg,21 0.56406250 0.85781250 0.19375000 0.08750000,pending,
21,mushrooms,24,DSC_6144_JPG,/root/autodl-tmp/visagent/datasets/fridge_original_v1/test/images/DSC_6144_JPG_jpg.rf.08a63de43252fe89c287814840343951.jpg,21 0.61093750 0.60000000 0.16562500 0.08437500,pending,
21,mushrooms,25,DSC_5896_JPG,/root/autodl-tmp/visagent/datasets/fridge_original_v1/train/images/DSC_5896_JPG_jpg.rf.05a58007dc55377cf51bfaa916d704b6.jpg,21 0.36250000 0.44375000 0.17031250 0.08906250,pending,
21,mushrooms,26,DSC_5736_JPG,/root/autodl-tmp/visagent/datasets/fridge_original_v1/valid/images/DSC_5736_JPG_jpg.rf.3ed6fdc218d5c4d77b6341de5ce15e24.jpg,21 0.57812500 0.85000000 0.19843750 0.09375000,pending,
21,mushrooms,27,DSC_5758_JPG,/root/autodl-tmp/visagent/datasets/fridge_original_v1/train/images/DSC_5758_JPG_jpg.rf.158442080f8ee3c42504e3a87f42da04.jpg,21 0.52187500 0.87187500 0.11875000 0.10937500,pending,
21,mushrooms,28,DSC_5932_JPG,/root/autodl-tmp/visagent/datasets/fridge_original_v1/train/images/DSC_5932_JPG_jpg.rf.148855b6e6ec0a8806d74d2400477012.jpg,21 0.43750000 0.43750000 0.13593750 0.08750000,pending,
21,mushrooms,29,DSC_6121_JPG,/root/autodl-tmp/visagent/datasets/fridge_original_v1/test/images/DSC_6121_JPG_jpg.rf.a99cea4d60c1ecaf8d2914388bdbf6a4.jpg,21 0.70312500 0.89375000 0.15000000 0.07656250,pending,
21,mushrooms,30,DSC_6139_JPG,/root/autodl-tmp/visagent/datasets/fridge_original_v1/test/images/DSC_6139_JPG_jpg.rf.b1447de625a2f4e89f584b3a66dc347c.jpg,21 0.42812500 0.87500000 0.15781250 0.09375000,pending,
22,onion,1,DSC_5905_JPG,/root/autodl-tmp/visagent/datasets/fridge_original_v1/train/images/DSC_5905_JPG_jpg.rf.4c6644d3d3006ac6b7e749786f74bb08.jpg,22 0.59687500 0.59062500 0.12968750 0.09062500,pending,
22,onion,2,DSC_5916_JPG,/root/autodl-tmp/visagent/datasets/fridge_original_v1/test/images/DSC_5916_JPG_jpg.rf.e234a90714208f61643f3276297fee2c.jpg,22 0.47500000 0.44375000 0.13125000 0.09687500,pending,
22,onion,3,DSC_6059_JPG,/root/autodl-tmp/visagent/datasets/fridge_original_v1/test/images/DSC_6059_JPG_jpg.rf.284dfb8b4e97ef61271c1bcb6b15882a.jpg,22 0.76875000 0.59687500 0.15156250 0.10468750,pending,
22,onion,4,DSC_5898_JPG,/root/autodl-tmp/visagent/datasets/fridge_original_v1/test/images/DSC_5898_JPG_jpg.rf.987a97224180caacd6e53fc12ffe9297.jpg,22 0.70312500 0.57812500 0.15312500 0.08593750,pending,
22,onion,5,DSC_5927_JPG,/root/autodl-tmp/visagent/datasets/fridge_original_v1/test/images/DSC_5927_JPG_jpg.rf.0798b8e9651bbaf5addd21ef9756a971.jpg,22 0.26875000 0.85937500 0.13281250 0.10625000,pending,
22,onion,6,DSC_5827_JPG,/root/autodl-tmp/visagent/datasets/fridge_original_v1/test/images/DSC_5827_JPG_jpg.rf.022c6335c00cd0ba25599cef87b0a6fd.jpg,22 0.37187500 0.58750000 0.14375000 0.10000000,pending,
22,onion,7,DSC_5958_JPG,/root/autodl-tmp/visagent/datasets/fridge_original_v1/valid/images/DSC_5958_JPG_jpg.rf.bdfaa52c0174cb7e6d8d2fff86a79f78.jpg,22 0.51093750 0.42968750 0.18437500 0.09843750,pending,
22,onion,8,DSC_6074_JPG,/root/autodl-tmp/visagent/datasets/fridge_original_v1/test/images/DSC_6074_JPG_jpg.rf.068f07af184b6c0db9d6c3e8a5524932.jpg,22 0.74375000 0.59375000 0.17187500 0.10468750,pending,
22,onion,9,DSC_5897_JPG,/root/autodl-tmp/visagent/datasets/fridge_original_v1/train/images/DSC_5897_JPG_jpg.rf.0091003621d6332df1ee79fdb3f2618a.jpg,22 0.71250000 0.56875000 0.16250000 0.08906250,pending,
22,onion,10,DSC_5790_JPG,/root/autodl-tmp/visagent/datasets/fridge_original_v1/valid/images/DSC_5790_JPG_jpg.rf.c8c4d2038843938fdb44fe94df595485.jpg,22 0.68125000 0.20000000 0.13906250 0.09218750,pending,
22,onion,11,DSC_5890_JPG,/root/autodl-tmp/visagent/datasets/fridge_original_v1/train/images/DSC_5890_JPG_jpg.rf.5645ce72ae1b274479c349068ae3f6d1.jpg,22 0.71250000 0.58750000 0.15781250 0.09218750,pending,
22,onion,12,DSC_5761_JPG,/root/autodl-tmp/visagent/datasets/fridge_original_v1/test/images/DSC_5761_JPG_jpg.rf.111a839a2937a9f47ac0efbdf42a4f08.jpg,22 0.64375000 0.86250000 0.14531250 0.12656250,pending,
22,onion,13,DSC_6055_JPG,/root/autodl-tmp/visagent/datasets/fridge_original_v1/train/images/DSC_6055_JPG_jpg.rf.0ab1802c7075ee064d32a830d053eec9.jpg,22 0.40625000 0.86562500 0.19375000 0.10312500,pending,
22,onion,14,DSC_5739_JPG,/root/autodl-tmp/visagent/datasets/fridge_original_v1/train/images/DSC_5739_JPG_jpg.rf.00962dbf18152cfa724d2d6a589b4cf3.jpg,22 0.36875000 0.58750000 0.15468750 0.11406250,pending,
22,onion,15,DSC_5963_JPG,/root/autodl-tmp/visagent/datasets/fridge_original_v1/test/images/DSC_5963_JPG_jpg.rf.2b9024b74d720b70c14095696084d820.jpg,22 0.75937500 0.43750000 0.18750000 0.10625000,pending,
22,onion,16,DSC_6113_JPG,/root/autodl-tmp/visagent/datasets/fridge_original_v1/test/images/DSC_6113_JPG_jpg.rf.db577948b8c4e5f745f263a889f2f8ea.jpg,22 0.60468750 0.86562500 0.13593750 0.11875000,pending,
22,onion,17,DSC_5913_JPG,/root/autodl-tmp/visagent/datasets/fridge_original_v1/train/images/DSC_5913_JPG_jpg.rf.2d8b2fa7fbad27fd73fc45827616516b.jpg,22 0.59218750 0.59531250 0.14062500 0.10312500,pending,
22,onion,18,DSC_5782_JPG,/root/autodl-tmp/visagent/datasets/fridge_original_v1/train/images/DSC_5782_JPG_jpg.rf.11e3ad2e178e4ac3d4c01dd9bcafd0d9.jpg,22 0.76875000 0.86250000 0.14218750 0.12343750,pending,
22,onion,19,DSC_6170_JPG,/root/autodl-tmp/visagent/datasets/fridge_original_v1/valid/images/DSC_6170_JPG_jpg.rf.42dbd8d6e1eb8fafe3c7a98c06e0719b.jpg,22 0.80312500 0.86875000 0.15000000 0.12968750,pending,
22,onion,20,DSC_5907_JPG,/root/autodl-tmp/visagent/datasets/fridge_original_v1/train/images/DSC_5907_JPG_jpg.rf.313ab327f4cf0f4d3017fb511ed27eae.jpg,22 0.60000000 0.59375000 0.13281250 0.10312500,pending,
22,onion,21,DSC_5825_JPG,/root/autodl-tmp/visagent/datasets/fridge_original_v1/valid/images/DSC_5825_JPG_jpg.rf.8dc2005e8bb3fdb8a997d29c7814d916.jpg,22 0.36875000 0.58750000 0.13593750 0.09687500,pending,
22,onion,22,DSC_6065_JPG,/root/autodl-tmp/visagent/datasets/fridge_original_v1/test/images/DSC_6065_JPG_jpg.rf.052dcf80c1e962b82be4db5c741d2777.jpg,22 0.79687500 0.88437500 0.15312500 0.12656250,pending,
22,onion,23,DSC_6182_JPG,/root/autodl-tmp/visagent/datasets/fridge_original_v1/valid/images/DSC_6182_JPG_jpg.rf.4d479b365ecc3712550b69e81b3f9fa9.jpg,22 0.45000000 0.57968750 0.17656250 0.09062500,pending,
22,onion,24,DSC_5848_JPG,/root/autodl-tmp/visagent/datasets/fridge_original_v1/test/images/DSC_5848_JPG_jpg.rf.256589efe130ae6d2ade343dd27aad7e.jpg,22 0.76250000 0.85937500 0.14843750 0.12187500,pending,
22,onion,25,DSC_5763_JPG,/root/autodl-tmp/visagent/datasets/fridge_original_v1/train/images/DSC_5763_JPG_jpg.rf.2200d4fb7e63ee6998f455bc667cca89.jpg,22 0.64843750 0.85937500 0.13750000 0.12343750,pending,
22,onion,26,DSC_5740_JPG,/root/autodl-tmp/visagent/datasets/fridge_original_v1/valid/images/DSC_5740_JPG_jpg.rf.0e79d2e63b0fbcaaa13c463a69e73659.jpg,22 0.37500000 0.58125000 0.13593750 0.11250000,pending,
22,onion,27,DSC_6067_JPG,/root/autodl-tmp/visagent/datasets/fridge_original_v1/test/images/DSC_6067_JPG_jpg.rf.ae07bd39e188e497d571d7e39d7e2350.jpg,22 0.78125000 0.90156250 0.21406250 0.10937500,pending,
22,onion,28,DSC_5920_JPG,/root/autodl-tmp/visagent/datasets/fridge_original_v1/test/images/DSC_5920_JPG_jpg.rf.d28db638c894b285ccfcdff4196bf041.jpg,22 0.35937500 0.87656250 0.12187500 0.11250000,pending,
22,onion,29,DSC_5736_JPG,/root/autodl-tmp/visagent/datasets/fridge_original_v1/valid/images/DSC_5736_JPG_jpg.rf.3ed6fdc218d5c4d77b6341de5ce15e24.jpg,22 0.37500000 0.57812500 0.13750000 0.10156250,pending,
22,onion,30,DSC_5912_JPG,/root/autodl-tmp/visagent/datasets/fridge_original_v1/test/images/DSC_5912_JPG_jpg.rf.640d16421aab66610fdc42ef254b0814.jpg,22 0.59375000 0.58906250 0.13750000 0.09531250,pending,
23,potato,1,DSC_5712_JPG,/root/autodl-tmp/visagent/datasets/fridge_original_v1/test/images/DSC_5712_JPG_jpg.rf.d5377fa28db29284b4a5c784c4142bdc.jpg,23 0.33906250 0.91562500 0.16875000 0.12968750,pending,
23,potato,2,DSC_6201_JPG,/root/autodl-tmp/visagent/datasets/fridge_original_v1/test/images/DSC_6201_JPG_jpg.rf.a5b261cda847d688222054b38a66059e.jpg,23 0.45625000 0.20625000 0.15937500 0.06562500,pending,
23,potato,3,DSC_6168_JPG,/root/autodl-tmp/visagent/datasets/fridge_original_v1/valid/images/DSC_6168_JPG_jpg.rf.eb984f6322620c3d2081f1eb73aab49d.jpg,23 0.80468750 0.60000000 0.15781250 0.07500000,pending,
23,potato,4,DSC_5701_JPG,/root/autodl-tmp/visagent/datasets/fridge_original_v1/train/images/DSC_5701_JPG_jpg.rf.00d95001a8df4a26a3dd012b7caacecf.jpg,23 0.37812500 0.92812500 0.17343750 0.12500000,pending,
23,potato,5,DSC_6078_JPG,/root/autodl-tmp/visagent/datasets/fridge_original_v1/test/images/DSC_6078_JPG_jpg.rf.b6387f7a47e5400d86561b30bfc3eb93.jpg,23 0.59687500 0.20937500 0.14218750 0.07343750,pending,
23,potato,6,DSC_6013_JPG,/root/autodl-tmp/visagent/datasets/fridge_original_v1/test/images/DSC_6013_JPG_jpg.rf.c4bb7c7c1248cbba1f1b36d26b7a2df5.jpg,23 0.49375000 0.21250000 0.16406250 0.07500000,pending,
23,potato,7,DSC_5727_JPG,/root/autodl-tmp/visagent/datasets/fridge_original_v1/train/images/DSC_5727_JPG_jpg.rf.599ed8ad81e873c1fd1316d1c1c753aa.jpg,23 0.55312500 0.60000000 0.15468750 0.07500000,pending,
23,potato,8,DSC_6126_JPG,/root/autodl-tmp/visagent/datasets/fridge_original_v1/train/images/DSC_6126_JPG_jpg.rf.25114880ff93955ce7df93990b92be70.jpg,23 0.79375000 0.22031250 0.14531250 0.05625000,pending,
23,potato,9,DSC_6192_JPG,/root/autodl-tmp/visagent/datasets/fridge_original_v1/test/images/DSC_6192_JPG_jpg.rf.b8ca139587338362e11eca1948f97af4.jpg,23 0.48750000 0.86250000 0.17187500 0.09062500,pending,
23,potato,10,DSC_6091_JPG,/root/autodl-tmp/visagent/datasets/fridge_original_v1/test/images/DSC_6091_JPG_jpg.rf.d24d17af1201627c85af2c924edc3665.jpg,23 0.72500000 0.21250000 0.20625000 0.06406250,pending,
23,potato,11,DSC_5775_JPG,/root/autodl-tmp/visagent/datasets/fridge_original_v1/train/images/DSC_5775_JPG_jpg.rf.005d6b44b39589d116a82eb64be4a69c.jpg,23 0.51250000 0.58750000 0.21875000 0.06093750,pending,
23,potato,12,DSC_5724_JPG,/root/autodl-tmp/visagent/datasets/fridge_original_v1/test/images/DSC_5724_JPG_jpg.rf.02b21ec0627bc50a0dda65f3079e14ea.jpg,23 0.53437500 0.60312500 0.15937500 0.08125000,pending,
23,potato,13,DSC_6075_JPG,/root/autodl-tmp/visagent/datasets/fridge_original_v1/valid/images/DSC_6075_JPG_jpg.rf.4f1b69ccaffed8f9359ae45398935452.jpg,23 0.76250000 0.20937500 0.17031250 0.06718750,pending,
23,potato,14,DSC_6010_JPG,/root/autodl-tmp/visagent/datasets/fridge_original_v1/train/images/DSC_6010_JPG_jpg.rf.164ed64f948074ee936ad731b1f75180.jpg,23 0.47500000 0.20937500 0.17812500 0.06562500,pending,
23,potato,15,DSC_5686_JPG,/root/autodl-tmp/visagent/datasets/fridge_original_v1/valid/images/DSC_5686_JPG_jpg.rf.bb395cc9f94ac3972415de33597e0c9c.jpg,23 0.72656250 0.45312500 0.17812500 0.07500000,pending,
23,potato,16,DSC_6008_JPG,/root/autodl-tmp/visagent/datasets/fridge_original_v1/train/images/DSC_6008_JPG_jpg.rf.11eaeb507fc39823d3782e9f62ce0034.jpg,23 0.44531250 0.20625000 0.18125000 0.07656250,pending,
23,potato,17,DSC_5769_JPG,/root/autodl-tmp/visagent/datasets/fridge_original_v1/valid/images/DSC_5769_JPG_jpg.rf.b09d1b44b1e79e3dce56bab34240636f.jpg,23 0.58125000 0.60312500 0.16875000 0.09062500,pending,
23,potato,18,DSC_5703_JPG,/root/autodl-tmp/visagent/datasets/fridge_original_v1/valid/images/DSC_5703_JPG_jpg.rf.78be87d0fe2652c4d1403a0e94ebb487.jpg,23 0.35781250 0.92500000 0.16093750 0.11250000,pending,
23,potato,19,DSC_5826_JPG,/root/autodl-tmp/visagent/datasets/fridge_original_v1/test/images/DSC_5826_JPG_jpg.rf.1b3ae1b2a7fbc20e61ef9159f46c2e0c.jpg,23 0.75000000 0.89062500 0.16250000 0.11093750,pending,
23,potato,20,DSC_6174_JPG,/root/autodl-tmp/visagent/datasets/fridge_original_v1/valid/images/DSC_6174_JPG_jpg.rf.6db7b4ef6eee774c385ce32c8fa70fb7.jpg,23 0.80000000 0.89062500 0.14843750 0.09531250,pending,
23,potato,21,DSC_5723_JPG,/root/autodl-tmp/visagent/datasets/fridge_original_v1/test/images/DSC_5723_JPG_jpg.rf.5d083eee910b4563b588a690960212ed.jpg,23 0.54843750 0.60000000 0.17031250 0.09531250,pending,
23,potato,22,DSC_5783_JPG,/root/autodl-tmp/visagent/datasets/fridge_original_v1/test/images/DSC_5783_JPG_jpg.rf.da44c6db272a32defa963c1f1fc9e3fd.jpg,23 0.38125000 0.89218750 0.16406250 0.10156250,pending,
23,potato,23,DSC_5864_JPG,/root/autodl-tmp/visagent/datasets/fridge_original_v1/test/images/DSC_5864_JPG_jpg.rf.0b80fa14c3b4e198424243a994477669.jpg,23 0.39375000 0.21562500 0.16875000 0.05468750,pending,
23,potato,24,DSC_6045_JPG,/root/autodl-tmp/visagent/datasets/fridge_original_v1/test/images/DSC_6045_JPG_jpg.rf.7039783f692829f4499e4546c8940deb.jpg,23 0.58125000 0.89375000 0.13437500 0.08437500,pending,
23,potato,25,DSC_5726_JPG,/root/autodl-tmp/visagent/datasets/fridge_original_v1/test/images/DSC_5726_JPG_jpg.rf.60fc6e1867bb2bd689c78b88a66ebfce.jpg,23 0.54687500 0.60625000 0.16406250 0.08593750,pending,
23,potato,26,DSC_5973_JPG,/root/autodl-tmp/visagent/datasets/fridge_original_v1/train/images/DSC_5973_JPG_jpg.rf.15a0865972aa4a3a2d3bf53fb273314a.jpg,23 0.61093750 0.44687500 0.15625000 0.08125000,pending,
23,potato,27,DSC_6142_JPG,/root/autodl-tmp/visagent/datasets/fridge_original_v1/train/images/DSC_6142_JPG_jpg.rf.73b786bcf6b837ef81f5890e940e9098.jpg,23 0.56250000 0.58281250 0.18281250 0.07656250,pending,
23,potato,28,DSC_5992_JPG,/root/autodl-tmp/visagent/datasets/fridge_original_v1/train/images/DSC_5992_JPG_jpg.rf.007bfe17023d94ecd01cdaf12fd7dbce.jpg,23 0.75937500 0.20937500 0.20937500 0.07187500,pending,
23,potato,29,DSC_5711_JPG,/root/autodl-tmp/visagent/datasets/fridge_original_v1/test/images/DSC_5711_JPG_jpg.rf.59fb1aa3e9705871ec68043e10699d83.jpg,23 0.38750000 0.92968750 0.17812500 0.13125000,pending,
23,potato,30,DSC_6166_JPG,/root/autodl-tmp/visagent/datasets/fridge_original_v1/valid/images/DSC_6166_JPG_jpg.rf.16db748efdf11333870de7e854c6cb8c.jpg,23 0.78437500 0.44687500 0.16718750 0.07343750,pending,
24,shrimp,1,DSC_6110_JPG,/root/autodl-tmp/visagent/datasets/fridge_original_v1/test/images/DSC_6110_JPG_jpg.rf.9a817d729b0dbf7f950626ce4bf4b5c7.jpg,24 0.62500000 0.22812500 0.14531250 0.02968750,pending,
24,shrimp,2,DSC_5931_JPG,/root/autodl-tmp/visagent/datasets/fridge_original_v1/test/images/DSC_5931_JPG_jpg.rf.49a772c807c9c3e0364419196fb48a84.jpg,24 0.48593750 0.45781250 0.12812500 0.03906250,pending,
24,shrimp,3,DSC_6067_JPG,/root/autodl-tmp/visagent/datasets/fridge_original_v1/test/images/DSC_6067_JPG_jpg.rf.ae07bd39e188e497d571d7e39d7e2350.jpg,24 0.39531250 0.60156250 0.13750000 0.06093750,pending,
24,shrimp,4,DSC_5932_JPG,/root/autodl-tmp/visagent/datasets/fridge_original_v1/train/images/DSC_5932_JPG_jpg.rf.148855b6e6ec0a8806d74d2400477012.jpg,24 0.31093750 0.59375000 0.12656250 0.04531250,pending,
24,shrimp,5,DSC_6127_JPG,/root/autodl-tmp/visagent/datasets/fridge_original_v1/test/images/DSC_6127_JPG_jpg.rf.0d875319d1a49bdb1fe7eeff0f5161d3.jpg,24 0.64375000 0.22968750 0.15625000 0.03593750,pending,
24,shrimp,6,DSC_5898_JPG,/root/autodl-tmp/visagent/datasets/fridge_original_v1/test/images/DSC_5898_JPG_jpg.rf.987a97224180caacd6e53fc12ffe9297.jpg,24 0.36250000 0.47187500 0.12343750 0.04375000,pending,
24,shrimp,7,DSC_5821_JPG,/root/autodl-tmp/visagent/datasets/fridge_original_v1/train/images/DSC_5821_JPG_jpg.rf.0be8240da9d27628fbd591d85208fc12.jpg,24 0.51875000 0.22812500 0.12656250 0.02968750,pending,
24,shrimp,8,DSC_5776_JPG,/root/autodl-tmp/visagent/datasets/fridge_original_v1/train/images/DSC_5776_JPG_jpg.rf.01f58a9c60bc84c9b2a0f60750ca3b0b.jpg,24 0.68750000 0.22343750 0.13593750 0.03125000,pending,
24,shrimp,9,DSC_5804_JPG,/root/autodl-tmp/visagent/datasets/fridge_original_v1/valid/images/DSC_5804_JPG_jpg.rf.1344600ffd9d723bcaa301851159850a.jpg,24 0.41875000 0.62343750 0.16718750 0.04375000,pending,
24,shrimp,10,DSC_6072_JPG,/root/autodl-tmp/visagent/datasets/fridge_original_v1/test/images/DSC_6072_JPG_jpg.rf.653ecc7ef49b08eff66c71463b917907.jpg,24 0.75937500 0.47343750 0.13593750 0.04531250,pending,
24,shrimp,11,DSC_5886_JPG,/root/autodl-tmp/visagent/datasets/fridge_original_v1/train/images/DSC_5886_JPG_jpg.rf.06afae00fa8ef24dbb732171d0236b45.jpg,24 0.77968750 0.47656250 0.13281250 0.03593750,pending,
24,shrimp,12,DSC_6006_JPG,/root/autodl-tmp/visagent/datasets/fridge_original_v1/valid/images/DSC_6006_JPG_jpg.rf.d626602c821e572d255ac4066dc11a2f.jpg,24 0.65000000 0.22812500 0.17031250 0.03437500,pending,
24,shrimp,13,DSC_6166_JPG,/root/autodl-tmp/visagent/datasets/fridge_original_v1/valid/images/DSC_6166_JPG_jpg.rf.16db748efdf11333870de7e854c6cb8c.jpg,24 0.74687500 0.87500000 0.14375000 0.06406250,pending,
24,shrimp,14,DSC_6144_JPG,/root/autodl-tmp/visagent/datasets/fridge_original_v1/test/images/DSC_6144_JPG_jpg.rf.08a63de43252fe89c287814840343951.jpg,24 0.78125000 0.45468750 0.15937500 0.03906250,pending,
24,shrimp,15,DSC_5685_JPG,/root/autodl-tmp/visagent/datasets/fridge_original_v1/test/images/DSC_5685_JPG_jpg.rf.96e405ad281fa3b702f109d7f5a3a23e.jpg,24 0.34062500 0.46250000 0.11562500 0.03593750,pending,
24,shrimp,16,DSC_6128_JPG,/root/autodl-tmp/visagent/datasets/fridge_original_v1/valid/images/DSC_6128_JPG_jpg.rf.56a62fce5d749a0cc735e4ff644bbba6.jpg,24 0.64062500 0.22656250 0.16093750 0.03906250,pending,
24,shrimp,17,DSC_6164_JPG,/root/autodl-tmp/visagent/datasets/fridge_original_v1/valid/images/DSC_6164_JPG_jpg.rf.792481e35e0853b566b45cef5d70c68c.jpg,24 0.67187500 0.60000000 0.13437500 0.04375000,pending,
24,shrimp,18,DSC_6174_JPG,/root/autodl-tmp/visagent/datasets/fridge_original_v1/valid/images/DSC_6174_JPG_jpg.rf.6db7b4ef6eee774c385ce32c8fa70fb7.jpg,24 0.43125000 0.89062500 0.14375000 0.05781250,pending,
24,shrimp,19,DSC_5994_JPG,/root/autodl-tmp/visagent/datasets/fridge_original_v1/test/images/DSC_5994_JPG_jpg.rf.557736fb79367f07b25378907639b37e.jpg,24 0.42812500 0.22656250 0.12968750 0.03437500,pending,
24,shrimp,20,DSC_6167_JPG,/root/autodl-tmp/visagent/datasets/fridge_original_v1/test/images/DSC_6167_JPG_jpg.rf.631452403d0258c449ed5501ae9588c8.jpg,24 0.75937500 0.86875000 0.13593750 0.07500000,pending,
24,shrimp,21,DSC_5946_JPG,/root/autodl-tmp/visagent/datasets/fridge_original_v1/test/images/DSC_5946_JPG_jpg.rf.4fad40e7fab86d44e2f2fbfedfce6d02.jpg,24 0.73437500 0.88750000 0.15625000 0.07968750,pending,
24,shrimp,22,DSC_5884_JPG,/root/autodl-tmp/visagent/datasets/fridge_original_v1/train/images/DSC_5884_JPG_jpg.rf.105f814fcf5b6b77f95b5e5400f28300.jpg,24 0.77500000 0.22500000 0.14062500 0.03125000,pending,
24,shrimp,23,DSC_6159_JPG,/root/autodl-tmp/visagent/datasets/fridge_original_v1/valid/images/DSC_6159_JPG_jpg.rf.2eb145bdf72421dae637d15e13690e72.jpg,24 0.47343750 0.61250000 0.13281250 0.05781250,pending,
24,shrimp,24,DSC_6124_JPG,/root/autodl-tmp/visagent/datasets/fridge_original_v1/train/images/DSC_6124_JPG_jpg.rf.153fbde6eb0f21520fb0b1aa7aedddc8.jpg,24 0.66562500 0.22656250 0.15000000 0.03437500,pending,
24,shrimp,25,DSC_6074_JPG,/root/autodl-tmp/visagent/datasets/fridge_original_v1/test/images/DSC_6074_JPG_jpg.rf.068f07af184b6c0db9d6c3e8a5524932.jpg,24 0.58125000 0.60625000 0.15781250 0.06250000,pending,
24,shrimp,26,DSC_5710_JPG,/root/autodl-tmp/visagent/datasets/fridge_original_v1/test/images/DSC_5710_JPG_jpg.rf.327f0a67ab00def17d98e4a864128d4a.jpg,24 0.60625000 0.61093750 0.12968750 0.05312500,pending,
24,shrimp,27,DSC_5849_JPG,/root/autodl-tmp/visagent/datasets/fridge_original_v1/test/images/DSC_5849_JPG_jpg.rf.3322e4fd2783307558f6f01d59e1e624.jpg,24 0.56093750 0.22812500 0.12812500 0.04062500,pending,
24,shrimp,28,DSC_6042_JPG,/root/autodl-tmp/visagent/datasets/fridge_original_v1/valid/images/DSC_6042_JPG_jpg.rf.49c41b298d2706984682e5ebd616f075.jpg,24 0.37187500 0.47187500 0.15625000 0.05625000,pending,
24,shrimp,29,DSC_6051_JPG,/root/autodl-tmp/visagent/datasets/fridge_original_v1/valid/images/DSC_6051_JPG_jpg.rf.fa3f03b2ca1e12ae6a27bef3db8f3ed0.jpg,24 0.79062500 0.89062500 0.16718750 0.08281250,pending,
24,shrimp,30,DSC_5989_JPG,/root/autodl-tmp/visagent/datasets/fridge_original_v1/test/images/DSC_5989_JPG_jpg.rf.88bd166ee202e868fd0bb0941e118df0.jpg,24 0.52187500 0.22812500 0.15156250 0.03750000,pending,
25,spinach,1,DSC_5848_JPG,/root/autodl-tmp/visagent/datasets/fridge_original_v1/test/images/DSC_5848_JPG_jpg.rf.256589efe130ae6d2ade343dd27aad7e.jpg,25 0.36718750 0.18906250 0.24687500 0.11875000,pending,
25,spinach,2,DSC_5737_JPG,/root/autodl-tmp/visagent/datasets/fridge_original_v1/train/images/DSC_5737_JPG_jpg.rf.0750b46ce654bba9b45ee5c0d3a15d71.jpg,25 0.51562500 0.60000000 0.27031250 0.10156250,pending,
25,spinach,3,DSC_6003_JPG,/root/autodl-tmp/visagent/datasets/fridge_original_v1/test/images/DSC_6003_JPG_jpg.rf.0da9f3f45d313193872bdb9c20a147a7.jpg,25 0.70000000 0.44687500 0.28437500 0.07812500,pending,
25,spinach,4,DSC_5763_JPG,/root/autodl-tmp/visagent/datasets/fridge_original_v1/train/images/DSC_5763_JPG_jpg.rf.2200d4fb7e63ee6998f455bc667cca89.jpg,25 0.42187500 0.44375000 0.24531250 0.09062500,pending,
25,spinach,5,DSC_5750_JPG,/root/autodl-tmp/visagent/datasets/fridge_original_v1/valid/images/DSC_5750_JPG_jpg.rf.099a2a3188d017430f04980afd331069.jpg,25 0.36875000 0.56875000 0.18593750 0.14531250,pending,
25,spinach,6,DSC_6170_JPG,/root/autodl-tmp/visagent/datasets/fridge_original_v1/valid/images/DSC_6170_JPG_jpg.rf.42dbd8d6e1eb8fafe3c7a98c06e0719b.jpg,25 0.50000000 0.21406250 0.26406250 0.05781250,pending,
25,spinach,7,DSC_5762_JPG,/root/autodl-tmp/visagent/datasets/fridge_original_v1/train/images/DSC_5762_JPG_jpg.rf.03b650cc2c419a310f5b80a3ea3bdc1f.jpg,25 0.71093750 0.20000000 0.27968750 0.08906250,pending,
25,spinach,8,DSC_5682_JPG,/root/autodl-tmp/visagent/datasets/fridge_original_v1/test/images/DSC_5682_JPG_jpg.rf.a9e732a27fda9d66e655b5a0fd9b5db9.jpg,25 0.40000000 0.60312500 0.26718750 0.09218750,pending,
25,spinach,9,DSC_5932_JPG,/root/autodl-tmp/visagent/datasets/fridge_original_v1/train/images/DSC_5932_JPG_jpg.rf.148855b6e6ec0a8806d74d2400477012.jpg,25 0.62500000 0.59531250 0.24843750 0.10312500,pending,
25,spinach,10,DSC_5896_JPG,/root/autodl-tmp/visagent/datasets/fridge_original_v1/train/images/DSC_5896_JPG_jpg.rf.05a58007dc55377cf51bfaa916d704b6.jpg,25 0.61875000 0.20937500 0.31093750 0.07968750,pending,
25,spinach,11,DSC_6121_JPG,/root/autodl-tmp/visagent/datasets/fridge_original_v1/test/images/DSC_6121_JPG_jpg.rf.a99cea4d60c1ecaf8d2914388bdbf6a4.jpg,25 0.48750000 0.40000000 0.27968750 0.13437500,pending,
25,spinach,12,DSC_5895_JPG,/root/autodl-tmp/visagent/datasets/fridge_original_v1/train/images/DSC_5895_JPG_jpg.rf.4c5a950820eb6745a66cb0d0e0289501.jpg,25 0.71562500 0.41875000 0.27968750 0.12500000,pending,
25,spinach,13,DSC_5734_JPG,/root/autodl-tmp/visagent/datasets/fridge_original_v1/train/images/DSC_5734_JPG_jpg.rf.054905855d6676de6989a93dda016714.jpg,25 0.51875000 0.59375000 0.26093750 0.08593750,pending,
25,spinach,14,DSC_5741_JPG,/root/autodl-tmp/visagent/datasets/fridge_original_v1/train/images/DSC_5741_JPG_jpg.rf.12c6e45a5e327900b79dc0f0bc0fbafe.jpg,25 0.53437500 0.60625000 0.30937500 0.09687500,pending,
25,spinach,15,DSC_5835_JPG,/root/autodl-tmp/visagent/datasets/fridge_original_v1/test/images/DSC_5835_JPG_jpg.rf.d72339eb5b0706a643f9676d2907d8c3.jpg,25 0.70468750 0.92187500 0.39218750 0.14687500,pending,
25,spinach,16,DSC_5796_JPG,/root/autodl-tmp/visagent/datasets/fridge_original_v1/valid/images/DSC_5796_JPG_jpg.rf.056d9de66018b84ee5893cf1883cc648.jpg,25 0.34062500 0.16250000 0.18750000 0.16718750,pending,
25,spinach,17,DSC_5838_JPG,/root/autodl-tmp/visagent/datasets/fridge_original_v1/test/images/DSC_5838_JPG_jpg.rf.a0da9fc80984d6b5db620d40b422c228.jpg,25 0.77187500 0.41875000 0.19218750 0.15000000,pending,
25,spinach,18,DSC_5684_JPG,/root/autodl-tmp/visagent/datasets/fridge_original_v1/train/images/DSC_5684_JPG_jpg.rf.68320b5d675cd41c0c4d2208f99842ee.jpg,25 0.40312500 0.60937500 0.26093750 0.08750000,pending,
25,spinach,19,DSC_5958_JPG,/root/autodl-tmp/visagent/datasets/fridge_original_v1/valid/images/DSC_5958_JPG_jpg.rf.bdfaa52c0174cb7e6d8d2fff86a79f78.jpg,25 0.79843750 0.16250000 0.14218750 0.17031250,pending,
25,spinach,20,DSC_6199_JPG,/root/autodl-tmp/visagent/datasets/fridge_original_v1/train/images/DSC_6199_JPG_jpg.rf.02dc3dfa0b5a16c748d9c99a3d5e3263.jpg,25 0.83437500 0.82187500 0.17187500 0.23281250,pending,
25,spinach,21,DSC_5870_JPG,/root/autodl-tmp/visagent/datasets/fridge_original_v1/test/images/DSC_5870_JPG_jpg.rf.fc90ea6728b00c71e40dcff2988fbfe2.jpg,25 0.40625000 0.41718750 0.25625000 0.16093750,pending,
25,spinach,22,DSC_5754_JPG,/root/autodl-tmp/visagent/datasets/fridge_original_v1/valid/images/DSC_5754_JPG_jpg.rf.d4d592f6a660b8603e382c72d51ff78b.jpg,25 0.36562500 0.57500000 0.16250000 0.16093750,pending,
25,spinach,23,DSC_5752_JPG,/root/autodl-tmp/visagent/datasets/fridge_original_v1/test/images/DSC_5752_JPG_jpg.rf.189a9745e62ff468199eae9e595356b8.jpg,25 0.36875000 0.57187500 0.16718750 0.14843750,pending,
25,spinach,24,DSC_5959_JPG,/root/autodl-tmp/visagent/datasets/fridge_original_v1/test/images/DSC_5959_JPG_jpg.rf.7c0b8226c54d993180a1c5f1535f5425.jpg,25 0.80156250 0.16250000 0.17656250 0.17656250,pending,
25,spinach,25,DSC_5753_JPG,/root/autodl-tmp/visagent/datasets/fridge_original_v1/train/images/DSC_5753_JPG_jpg.rf.0379e1fd94af039879500a102ce2e876.jpg,25 0.37343750 0.57500000 0.17343750 0.15156250,pending,
25,spinach,26,DSC_5869_JPG,/root/autodl-tmp/visagent/datasets/fridge_original_v1/test/images/DSC_5869_JPG_jpg.rf.d1ebfdf3a50e37ba948e13bcd2a13901.jpg,25 0.40625000 0.40625000 0.25937500 0.16718750,pending,
25,spinach,27,DSC_6168_JPG,/root/autodl-tmp/visagent/datasets/fridge_original_v1/valid/images/DSC_6168_JPG_jpg.rf.eb984f6322620c3d2081f1eb73aab49d.jpg,25 0.48750000 0.20937500 0.28281250 0.05468750,pending,
25,spinach,28,DSC_5714_JPG,/root/autodl-tmp/visagent/datasets/fridge_original_v1/train/images/DSC_5714_JPG_jpg.rf.178531d7165b10bee383b440c46c4d46.jpg,25 0.51562500 0.60312500 0.31406250 0.11562500,pending,
25,spinach,29,DSC_6154_JPG,/root/autodl-tmp/visagent/datasets/fridge_original_v1/test/images/DSC_6154_JPG_jpg.rf.be73ed83dc252fb8211daccd4df9d4fc.jpg,25 0.64375000 0.87812500 0.26875000 0.12187500,pending,
25,spinach,30,DSC_5946_JPG,/root/autodl-tmp/visagent/datasets/fridge_original_v1/test/images/DSC_5946_JPG_jpg.rf.4fad40e7fab86d44e2f2fbfedfce6d02.jpg,25 0.40312500 0.20937500 0.27343750 0.07968750,pending,
26,strawberries,1,DSC_6004_JPG,/root/autodl-tmp/visagent/datasets/fridge_original_v1/train/images/DSC_6004_JPG_jpg.rf.070713db67a12daf9c65394002d0e4c8.jpg,26 0.52500000 0.85625000 0.14218750 0.10156250,pass,visual_contact_sheet_review_codex_2026-07-16
26,strawberries,2,DSC_6089_JPG,/root/autodl-tmp/visagent/datasets/fridge_original_v1/test/images/DSC_6089_JPG_jpg.rf.c5e242bde673f4e99522b19fd35e6266.jpg,26 0.75312500 0.85625000 0.12500000 0.08593750,pass,visual_contact_sheet_review_codex_2026-07-16
26,strawberries,3,DSC_5915_JPG,/root/autodl-tmp/visagent/datasets/fridge_original_v1/test/images/DSC_5915_JPG_jpg.rf.2beb41e75cf232319d0e1bd5b49ac796.jpg,26 0.63281250 0.44218750 0.16250000 0.07031250,pass,visual_contact_sheet_review_codex_2026-07-16
26,strawberries,4,DSC_6087_JPG,/root/autodl-tmp/visagent/datasets/fridge_original_v1/valid/images/DSC_6087_JPG_jpg.rf.aaaf0878d66b706d9650017c29490633.jpg,26 0.75000000 0.85312500 0.12812500 0.09218750,pass,visual_contact_sheet_review_codex_2026-07-16
26,strawberries,5,DSC_5701_JPG,/root/autodl-tmp/visagent/datasets/fridge_original_v1/train/images/DSC_5701_JPG_jpg.rf.00d95001a8df4a26a3dd012b7caacecf.jpg,26 0.67187500 0.20000000 0.16718750 0.08125000,pass,visual_contact_sheet_review_codex_2026-07-16
26,strawberries,6,DSC_5771_JPG,/root/autodl-tmp/visagent/datasets/fridge_original_v1/train/images/DSC_5771_JPG_jpg.rf.0c98bdcca5a2b64041d367ff5b41d0bd.jpg,26 0.50937500 0.86250000 0.17031250 0.10000000,pass,visual_contact_sheet_review_codex_2026-07-16
26,strawberries,7,DSC_5819_JPG,/root/autodl-tmp/visagent/datasets/fridge_original_v1/train/images/DSC_5819_JPG_jpg.rf.264634e09b49210e36944e34520787a3.jpg,26 0.37500000 0.43750000 0.15468750 0.09531250,pass,visual_contact_sheet_review_codex_2026-07-16
26,strawberries,8,DSC_5829_JPG,/root/autodl-tmp/visagent/datasets/fridge_original_v1/test/images/DSC_5829_JPG_jpg.rf.a7042bc4c1eb3e7b60ca2a1d80c8bcec.jpg,26 0.42500000 0.20625000 0.17812500 0.08906250,pass,visual_contact_sheet_review_codex_2026-07-16
26,strawberries,9,DSC_5921_JPG,/root/autodl-tmp/visagent/datasets/fridge_original_v1/test/images/DSC_5921_JPG_jpg.rf.4e6eb4cd563b8261433cb74bc7f8cbbd.jpg,26 0.61250000 0.43437500 0.15312500 0.07500000,pass,visual_contact_sheet_review_codex_2026-07-16
26,strawberries,10,DSC_6137_JPG,/root/autodl-tmp/visagent/datasets/fridge_original_v1/test/images/DSC_6137_JPG_jpg.rf.c0450648e5a14ca7b6b7a90e4bc9bd0b.jpg,26 0.57812500 0.60625000 0.15312500 0.08593750,pass,visual_contact_sheet_review_codex_2026-07-16
26,strawberries,11,DSC_5963_JPG,/root/autodl-tmp/visagent/datasets/fridge_original_v1/test/images/DSC_5963_JPG_jpg.rf.2b9024b74d720b70c14095696084d820.jpg,26 0.58593750 0.87812500 0.12343750 0.07968750,pass,visual_contact_sheet_review_codex_2026-07-16
26,strawberries,12,DSC_5959_JPG,/root/autodl-tmp/visagent/datasets/fridge_original_v1/test/images/DSC_5959_JPG_jpg.rf.7c0b8226c54d993180a1c5f1535f5425.jpg,26 0.40937500 0.57500000 0.14843750 0.06718750,pass,visual_contact_sheet_review_codex_2026-07-16
26,strawberries,13,DSC_5735_JPG,/root/autodl-tmp/visagent/datasets/fridge_original_v1/train/images/DSC_5735_JPG_jpg.rf.2c7fb1aec915993593bb361e5cf1e410.jpg,26 0.35937500 0.46093750 0.14218750 0.08593750,pass,visual_contact_sheet_review_codex_2026-07-16
26,strawberries,14,DSC_5709_JPG,/root/autodl-tmp/visagent/datasets/fridge_original_v1/train/images/DSC_5709_JPG_jpg.rf.0956d183463e604e7fbd807cc8712e70.jpg,26 0.38437500 0.44375000 0.14375000 0.07812500,pass,visual_contact_sheet_review_codex_2026-07-16
26,strawberries,15,DSC_5827_JPG,/root/autodl-tmp/visagent/datasets/fridge_original_v1/test/images/DSC_5827_JPG_jpg.rf.022c6335c00cd0ba25599cef87b0a6fd.jpg,26 0.43906250 0.20625000 0.16250000 0.07343750,pass,visual_contact_sheet_review_codex_2026-07-16
26,strawberries,16,DSC_6002_JPG,/root/autodl-tmp/visagent/datasets/fridge_original_v1/train/images/DSC_6002_JPG_jpg.rf.05130866f033e9c461f8fc4e9ae76ec9.jpg,26 0.40937500 0.21093750 0.18593750 0.06718750,pass,visual_contact_sheet_review_codex_2026-07-16
26,strawberries,17,DSC_5845_JPG,/root/autodl-tmp/visagent/datasets/fridge_original_v1/test/images/DSC_5845_JPG_jpg.rf.e60ee9db4ae835b2543721a1bd2a1fcc.jpg,26 0.58281250 0.44062500 0.14531250 0.08437500,pass,visual_contact_sheet_review_codex_2026-07-16
26,strawberries,18,DSC_5957_JPG,/root/autodl-tmp/visagent/datasets/fridge_original_v1/train/images/DSC_5957_JPG_jpg.rf.08d3fef4d465490cb656fcf8a4fb6d61.jpg,26 0.38125000 0.59375000 0.13750000 0.07187500,pass,visual_contact_sheet_review_codex_2026-07-16
26,strawberries,19,DSC_6114_JPG,/root/autodl-tmp/visagent/datasets/fridge_original_v1/valid/images/DSC_6114_JPG_jpg.rf.075a0c6d1c27eb132c206ed8390acf35.jpg,26 0.78125000 0.20937500 0.13593750 0.07187500,pass,visual_contact_sheet_review_codex_2026-07-16
26,strawberries,20,DSC_5703_JPG,/root/autodl-tmp/visagent/datasets/fridge_original_v1/valid/images/DSC_5703_JPG_jpg.rf.78be87d0fe2652c4d1403a0e94ebb487.jpg,26 0.57968750 0.45000000 0.14218750 0.08125000,pass,visual_contact_sheet_review_codex_2026-07-16
26,strawberries,21,DSC_6092_JPG,/root/autodl-tmp/visagent/datasets/fridge_original_v1/test/images/DSC_6092_JPG_jpg.rf.4b6bb5d7544be8d2a0d5ae6a61834d9f.jpg,26 0.41250000 0.59843750 0.12343750 0.07500000,pass,visual_contact_sheet_review_codex_2026-07-16
26,strawberries,22,DSC_5698_JPG,/root/autodl-tmp/visagent/datasets/fridge_original_v1/train/images/DSC_5698_JPG_jpg.rf.1cf4095cdbfba5a479f866b620c8e9ac.jpg,26 0.68437500 0.20625000 0.16718750 0.07968750,pass,visual_contact_sheet_review_codex_2026-07-16
26,strawberries,23,DSC_5770_JPG,/root/autodl-tmp/visagent/datasets/fridge_original_v1/train/images/DSC_5770_JPG_jpg.rf.07cfe0b3c9747dc970bb3bf2c9333049.jpg,26 0.50000000 0.86406250 0.16875000 0.09531250,pass,visual_contact_sheet_review_codex_2026-07-16
26,strawberries,24,DSC_5823_JPG,/root/autodl-tmp/visagent/datasets/fridge_original_v1/test/images/DSC_5823_JPG_jpg.rf.27bb782732deb4888e9f3551bd09de17.jpg,26 0.66718750 0.20781250 0.15781250 0.09687500,pass,visual_contact_sheet_review_codex_2026-07-16
26,strawberries,25,DSC_5748_JPG,/root/autodl-tmp/visagent/datasets/fridge_original_v1/valid/images/DSC_5748_JPG_jpg.rf.375900842606443068d29d70846a6724.jpg,26 0.75937500 0.20625000 0.12812500 0.06718750,pass,visual_contact_sheet_review_codex_2026-07-16
26,strawberries,26,DSC_6091_JPG,/root/autodl-tmp/visagent/datasets/fridge_original_v1/test/images/DSC_6091_JPG_jpg.rf.d24d17af1201627c85af2c924edc3665.jpg,26 0.76093750 0.86562500 0.12343750 0.07500000,pass,visual_contact_sheet_review_codex_2026-07-16
26,strawberries,27,DSC_5886_JPG,/root/autodl-tmp/visagent/datasets/fridge_original_v1/train/images/DSC_5886_JPG_jpg.rf.06afae00fa8ef24dbb732171d0236b45.jpg,26 0.80625000 0.21250000 0.18593750 0.07812500,pass,visual_contact_sheet_review_codex_2026-07-16
26,strawberries,28,DSC_5723_JPG,/root/autodl-tmp/visagent/datasets/fridge_original_v1/test/images/DSC_5723_JPG_jpg.rf.5d083eee910b4563b588a690960212ed.jpg,26 0.38437500 0.45625000 0.13906250 0.08593750,pass,visual_contact_sheet_review_codex_2026-07-16
26,strawberries,29,DSC_5932_JPG,/root/autodl-tmp/visagent/datasets/fridge_original_v1/train/images/DSC_5932_JPG_jpg.rf.148855b6e6ec0a8806d74d2400477012.jpg,26 0.29687500 0.19843750 0.16562500 0.08125000,pass,visual_contact_sheet_review_codex_2026-07-16
26,strawberries,30,DSC_6057_JPG,/root/autodl-tmp/visagent/datasets/fridge_original_v1/valid/images/DSC_6057_JPG_jpg.rf.f377052b6093f03165d00283e1a95fce.jpg,26 0.39375000 0.59687500 0.12187500 0.07656250,pass,visual_contact_sheet_review_codex_2026-07-16
27,sugar,1,DSC_5825_JPG,/root/autodl-tmp/visagent/datasets/fridge_original_v1/valid/images/DSC_5825_JPG_jpg.rf.8dc2005e8bb3fdb8a997d29c7814d916.jpg,27 0.80312500 0.16875000 0.12500000 0.14062500,pass,visual_contact_sheet_review_codex_2026-07-16
27,sugar,2,DSC_5681_JPG,/root/autodl-tmp/visagent/datasets/fridge_original_v1/test/images/DSC_5681_JPG_jpg.rf.7271bfb4e92589f0ae6c40de1999c8dc.jpg,27 0.34062500 0.17656250 0.11875000 0.13750000,pass,visual_contact_sheet_review_codex_2026-07-16
27,sugar,3,DSC_5908_JPG,/root/autodl-tmp/visagent/datasets/fridge_original_v1/test/images/DSC_5908_JPG_jpg.rf.828d6d4ee9bccc491bbf842dc426f4cb.jpg,27 0.37500000 0.17187500 0.13750000 0.14375000,pass,visual_contact_sheet_review_codex_2026-07-16
27,sugar,4,DSC_6049_JPG,/root/autodl-tmp/visagent/datasets/fridge_original_v1/train/images/DSC_6049_JPG_jpg.rf.0f094154bb1eac102d32003a20381f3f.jpg,27 0.39531250 0.40625000 0.11718750 0.12187500,pass,visual_contact_sheet_review_codex_2026-07-16
27,sugar,5,DSC_5945_JPG,/root/autodl-tmp/visagent/datasets/fridge_original_v1/test/images/DSC_5945_JPG_jpg.rf.bc98f265c804961906e78287ff77aec8.jpg,27 0.54687500 0.56562500 0.10625000 0.13281250,pass,visual_contact_sheet_review_codex_2026-07-16
27,sugar,6,DSC_5957_JPG,/root/autodl-tmp/visagent/datasets/fridge_original_v1/train/images/DSC_5957_JPG_jpg.rf.08d3fef4d465490cb656fcf8a4fb6d61.jpg,27 0.75312500 0.86250000 0.10312500 0.14531250,pass,visual_contact_sheet_review_codex_2026-07-16
27,sugar,7,DSC_5831_JPG,/root/autodl-tmp/visagent/datasets/fridge_original_v1/train/images/DSC_5831_JPG_jpg.rf.0df9d9a28ca1cbc9f7d4a45e137669fd.jpg,27 0.78437500 0.18593750 0.13125000 0.13125000,pass,visual_contact_sheet_review_codex_2026-07-16
27,sugar,8,DSC_6194_JPG,/root/autodl-tmp/visagent/datasets/fridge_original_v1/test/images/DSC_6194_JPG_jpg.rf.2cb2b3ef719472d47a0dd78b15cd2daa.jpg,27 0.42812500 0.41250000 0.11250000 0.13593750,pass,visual_contact_sheet_review_codex_2026-07-16
27,sugar,9,DSC_5710_JPG,/root/autodl-tmp/visagent/datasets/fridge_original_v1/test/images/DSC_5710_JPG_jpg.rf.327f0a67ab00def17d98e4a864128d4a.jpg,27 0.75000000 0.55625000 0.11406250 0.13593750,pass,visual_contact_sheet_review_codex_2026-07-16
27,sugar,10,DSC_5728_JPG,/root/autodl-tmp/visagent/datasets/fridge_original_v1/test/images/DSC_5728_JPG_jpg.rf.e53f66d40a2b7a18a8817d3c8d72e8c2.jpg,27 0.36093750 0.17187500 0.10781250 0.13125000,pass,visual_contact_sheet_review_codex_2026-07-16
27,sugar,11,DSC_6051_JPG,/root/autodl-tmp/visagent/datasets/fridge_original_v1/valid/images/DSC_6051_JPG_jpg.rf.fa3f03b2ca1e12ae6a27bef3db8f3ed0.jpg,27 0.39531250 0.39375000 0.10937500 0.09687500,pass,visual_contact_sheet_review_codex_2026-07-16
27,sugar,12,DSC_5969_JPG,/root/autodl-tmp/visagent/datasets/fridge_original_v1/test/images/DSC_5969_JPG_jpg.rf.b8b313467cabf98769c05785a9799e15.jpg,27 0.79687500 0.22343750 0.14687500 0.06875000,pass,visual_contact_sheet_review_codex_2026-07-16
27,sugar,13,DSC_5682_JPG,/root/autodl-tmp/visagent/datasets/fridge_original_v1/test/images/DSC_5682_JPG_jpg.rf.a9e732a27fda9d66e655b5a0fd9b5db9.jpg,27 0.35000000 0.17031250 0.12031250 0.14062500,pass,visual_contact_sheet_review_codex_2026-07-16
27,sugar,14,DSC_5717_JPG,/root/autodl-tmp/visagent/datasets/fridge_original_v1/test/images/DSC_5717_JPG_jpg.rf.d6f26c3677be5bb7daa6f6788d67e37f.jpg,27 0.76875000 0.56562500 0.11250000 0.13281250,pass,visual_contact_sheet_review_codex_2026-07-16
27,sugar,15,DSC_6046_JPG,/root/autodl-tmp/visagent/datasets/fridge_original_v1/test/images/DSC_6046_JPG_jpg.rf.a94418e694c114c887ea5a055a8f3ccf.jpg,27 0.39375000 0.40625000 0.11562500 0.12343750,pass,visual_contact_sheet_review_codex_2026-07-16
27,sugar,16,DSC_5678_JPG,/root/autodl-tmp/visagent/datasets/fridge_original_v1/valid/images/DSC_5678_JPG_jpg.rf.dd843b0cf3ae173fcf026efedde9ede3.jpg,27 0.71718750 0.82812500 0.11250000 0.12187500,pass,visual_contact_sheet_review_codex_2026-07-16
27,sugar,17,DSC_5715_JPG,/root/autodl-tmp/visagent/datasets/fridge_original_v1/train/images/DSC_5715_JPG_jpg.rf.0cbc7f7f8979c10c984496a057bb9af9.jpg,27 0.77343750 0.55937500 0.11093750 0.13750000,pass,visual_contact_sheet_review_codex_2026-07-16
27,sugar,18,DSC_6176_JPG,/root/autodl-tmp/visagent/datasets/fridge_original_v1/valid/images/DSC_6176_JPG_jpg.rf.04664c35b5fa50cb08083bc94860c2ba.jpg,27 0.67031250 0.41562500 0.11406250 0.13437500,pass,visual_contact_sheet_review_codex_2026-07-16
27,sugar,19,DSC_6040_JPG,/root/autodl-tmp/visagent/datasets/fridge_original_v1/test/images/DSC_6040_JPG_jpg.rf.09f62c5efba7c77de78746bba96418ff.jpg,27 0.70468750 0.43593750 0.20937500 0.08750000,pass,visual_contact_sheet_review_codex_2026-07-16
27,sugar,20,DSC_6127_JPG,/root/autodl-tmp/visagent/datasets/fridge_original_v1/test/images/DSC_6127_JPG_jpg.rf.0d875319d1a49bdb1fe7eeff0f5161d3.jpg,27 0.80000000 0.83437500 0.09843750 0.14062500,pass,visual_contact_sheet_review_codex_2026-07-16
27,sugar,21,DSC_5700_JPG,/root/autodl-tmp/visagent/datasets/fridge_original_v1/test/images/DSC_5700_JPG_jpg.rf.0d346114dcde1488575561e7a987598d.jpg,27 0.75000000 0.56875000 0.11406250 0.13593750,pass,visual_contact_sheet_review_codex_2026-07-16
27,sugar,22,DSC_5845_JPG,/root/autodl-tmp/visagent/datasets/fridge_original_v1/test/images/DSC_5845_JPG_jpg.rf.e60ee9db4ae835b2543721a1bd2a1fcc.jpg,27 0.65312500 0.86093750 0.10312500 0.13906250,pass,visual_contact_sheet_review_codex_2026-07-16
27,sugar,23,DSC_6044_JPG,/root/autodl-tmp/visagent/datasets/fridge_original_v1/test/images/DSC_6044_JPG_jpg.rf.721120482b27e88e65c28eaa129d291a.jpg,27 0.39062500 0.41562500 0.12031250 0.12656250,pass,visual_contact_sheet_review_codex_2026-07-16
27,sugar,24,DSC_6157_JPG,/root/autodl-tmp/visagent/datasets/fridge_original_v1/valid/images/DSC_6157_JPG_jpg.rf.9be4c703890a5fd8abf7af4d4c32d657.jpg,27 0.42187500 0.41875000 0.12812500 0.13750000,pass,visual_contact_sheet_review_codex_2026-07-16
27,sugar,25,DSC_5729_JPG,/root/autodl-tmp/visagent/datasets/fridge_original_v1/train/images/DSC_5729_JPG_jpg.rf.16fa4a9b2dcea5a48a160867a4c9c976.jpg,27 0.41875000 0.86562500 0.11718750 0.14531250,pass,visual_contact_sheet_review_codex_2026-07-16
27,sugar,26,DSC_5740_JPG,/root/autodl-tmp/visagent/datasets/fridge_original_v1/valid/images/DSC_5740_JPG_jpg.rf.0e79d2e63b0fbcaaa13c463a69e73659.jpg,27 0.37343750 0.17656250 0.12500000 0.13281250,pass,visual_contact_sheet_review_codex_2026-07-16
27,sugar,27,DSC_6126_JPG,/root/autodl-tmp/visagent/datasets/fridge_original_v1/train/images/DSC_6126_JPG_jpg.rf.25114880ff93955ce7df93990b92be70.jpg,27 0.80000000 0.83437500 0.09843750 0.14062500,pass,visual_contact_sheet_review_codex_2026-07-16
27,sugar,28,DSC_6035_JPG,/root/autodl-tmp/visagent/datasets/fridge_original_v1/train/images/DSC_6035_JPG_jpg.rf.1996b2b001fea0ce834210c710aef75c.jpg,27 0.64062500 0.41562500 0.12656250 0.13750000,pass,visual_contact_sheet_review_codex_2026-07-16
27,sugar,29,DSC_5836_JPG,/root/autodl-tmp/visagent/datasets/fridge_original_v1/train/images/DSC_5836_JPG_jpg.rf.03d9b7e9afcb953b89f4ffa65f7cd5a0.jpg,27 0.45000000 0.41562500 0.11562500 0.14062500,pass,visual_contact_sheet_review_codex_2026-07-16
27,sugar,30,DSC_5716_JPG,/root/autodl-tmp/visagent/datasets/fridge_original_v1/train/images/DSC_5716_JPG_jpg.rf.1260848f1605ddbff79c10159bdf6bcb.jpg,27 0.77031250 0.55937500 0.11250000 0.13437500,pass,visual_contact_sheet_review_codex_2026-07-16
28,sweet_potato,1,DSC_5998_JPG,/root/autodl-tmp/visagent/datasets/fridge_original_v1/train/images/DSC_5998_JPG_jpg.rf.1cc0fae8533cb2450932be6bbeb79593.jpg,28 0.58437500 0.59687500 0.15781250 0.09531250,pending,
28,sweet_potato,2,DSC_6153_JPG,/root/autodl-tmp/visagent/datasets/fridge_original_v1/test/images/DSC_6153_JPG_jpg.rf.6049b0a67bc2eed1d518b6a9b8892afe.jpg,28 0.78750000 0.20468750 0.16093750 0.07343750,pending,
28,sweet_potato,3,DSC_5716_JPG,/root/autodl-tmp/visagent/datasets/fridge_original_v1/train/images/DSC_5716_JPG_jpg.rf.1260848f1605ddbff79c10159bdf6bcb.jpg,28 0.79218750 0.44531250 0.13281250 0.07031250,pending,
28,sweet_potato,4,DSC_5736_JPG,/root/autodl-tmp/visagent/datasets/fridge_original_v1/valid/images/DSC_5736_JPG_jpg.rf.3ed6fdc218d5c4d77b6341de5ce15e24.jpg,28 0.62500000 0.91875000 0.11875000 0.09062500,pending,
28,sweet_potato,5,DSC_6148_JPG,/root/autodl-tmp/visagent/datasets/fridge_original_v1/test/images/DSC_6148_JPG_jpg.rf.9eab5803b6408553dd2ab748e6bd83ed.jpg,28 0.80312500 0.21406250 0.22031250 0.07656250,pending,
28,sweet_potato,6,DSC_6044_JPG,/root/autodl-tmp/visagent/datasets/fridge_original_v1/test/images/DSC_6044_JPG_jpg.rf.721120482b27e88e65c28eaa129d291a.jpg,28 0.76250000 0.86562500 0.19531250 0.13125000,pending,
28,sweet_potato,7,DSC_5827_JPG,/root/autodl-tmp/visagent/datasets/fridge_original_v1/test/images/DSC_5827_JPG_jpg.rf.022c6335c00cd0ba25599cef87b0a6fd.jpg,28 0.64375000 0.88281250 0.15000000 0.11406250,pending,
28,sweet_potato,8,DSC_5909_JPG,/root/autodl-tmp/visagent/datasets/fridge_original_v1/train/images/DSC_5909_JPG_jpg.rf.050dd1a4f76ad530affa54aa0b2d5eb2.jpg,28 0.79687500 0.88437500 0.16250000 0.09375000,pending,
28,sweet_potato,9,DSC_5889_JPG,/root/autodl-tmp/visagent/datasets/fridge_original_v1/test/images/DSC_5889_JPG_jpg.rf.20ac8ad7868534f166cfc9d18b287408.jpg,28 0.52187500 0.45937500 0.22968750 0.08750000,pending,
28,sweet_potato,10,DSC_5886_JPG,/root/autodl-tmp/visagent/datasets/fridge_original_v1/train/images/DSC_5886_JPG_jpg.rf.06afae00fa8ef24dbb732171d0236b45.jpg,28 0.59531250 0.45000000 0.21875000 0.07656250,pending,
28,sweet_potato,11,DSC_5739_JPG,/root/autodl-tmp/visagent/datasets/fridge_original_v1/train/images/DSC_5739_JPG_jpg.rf.00962dbf18152cfa724d2d6a589b4cf3.jpg,28 0.69687500 0.92187500 0.35937500 0.14531250,pending,
28,sweet_potato,12,DSC_6143_JPG,/root/autodl-tmp/visagent/datasets/fridge_original_v1/train/images/DSC_6143_JPG_jpg.rf.150b1636fd87807f642235e00d1b55b6.jpg,28 0.40625000 0.59843750 0.12812500 0.09375000,pending,
28,sweet_potato,13,DSC_6047_JPG,/root/autodl-tmp/visagent/datasets/fridge_original_v1/test/images/DSC_6047_JPG_jpg.rf.4361d2cc2055b3c69b7bec2f37e17197.jpg,28 0.72656250 0.88906250 0.20312500 0.13125000,pending,
28,sweet_potato,14,DSC_5863_JPG,/root/autodl-tmp/visagent/datasets/fridge_original_v1/train/images/DSC_5863_JPG_jpg.rf.189d429d25999816398cff4dd752e268.jpg,28 0.39687500 0.46562500 0.29218750 0.07343750,pending,
28,sweet_potato,15,DSC_6056_JPG,/root/autodl-tmp/visagent/datasets/fridge_original_v1/train/images/DSC_6056_JPG_jpg.rf.09e02296282a2f861a8ad9eeb17fe509.jpg,28 0.78125000 0.60312500 0.17812500 0.07812500,pending,
28,sweet_potato,16,DSC_6146_JPG,/root/autodl-tmp/visagent/datasets/fridge_original_v1/test/images/DSC_6146_JPG_jpg.rf.44bd0e9f2d9f6100463763e09a48fee0.jpg,28 0.40937500 0.60000000 0.12968750 0.09531250,pending,
28,sweet_potato,17,DSC_5779_JPG,/root/autodl-tmp/visagent/datasets/fridge_original_v1/test/images/DSC_5779_JPG_jpg.rf.d1be27389f15e2e01e041a06c952ffd3.jpg,28 0.33750000 0.87187500 0.14843750 0.13906250,pending,
28,sweet_potato,18,DSC_6042_JPG,/root/autodl-tmp/visagent/datasets/fridge_original_v1/valid/images/DSC_6042_JPG_jpg.rf.49c41b298d2706984682e5ebd616f075.jpg,28 0.55000000 0.87500000 0.19687500 0.12812500,pending,
28,sweet_potato,19,DSC_6013_JPG,/root/autodl-tmp/visagent/datasets/fridge_original_v1/test/images/DSC_6013_JPG_jpg.rf.c4bb7c7c1248cbba1f1b36d26b7a2df5.jpg,28 0.76250000 0.60937500 0.18125000 0.10000000,pending,
28,sweet_potato,20,DSC_6144_JPG,/root/autodl-tmp/visagent/datasets/fridge_original_v1/test/images/DSC_6144_JPG_jpg.rf.08a63de43252fe89c287814840343951.jpg,28 0.40937500 0.60156250 0.13125000 0.09843750,pending,
28,sweet_potato,21,DSC_5787_JPG,/root/autodl-tmp/visagent/datasets/fridge_original_v1/valid/images/DSC_5787_JPG_jpg.rf.e883a7e7ec98231c6b6a567d9a8bdde2.jpg,28 0.37031250 0.88125000 0.17656250 0.12343750,pending,
28,sweet_potato,22,DSC_6185_JPG,/root/autodl-tmp/visagent/datasets/fridge_original_v1/valid/images/DSC_6185_JPG_jpg.rf.4be45b208a3f023666252fb55f884c31.jpg,28 0.59062500 0.20625000 0.11406250 0.07812500,pending,
28,sweet_potato,23,DSC_5956_JPG,/root/autodl-tmp/visagent/datasets/fridge_original_v1/valid/images/DSC_5956_JPG_jpg.rf.f1b769f2923e51eb77147f4bf54f06f4.jpg,28 0.78125000 0.45000000 0.23437500 0.07812500,pending,
28,sweet_potato,24,DSC_5959_JPG,/root/autodl-tmp/visagent/datasets/fridge_original_v1/test/images/DSC_5959_JPG_jpg.rf.7c0b8226c54d993180a1c5f1535f5425.jpg,28 0.50000000 0.44531250 0.13125000 0.07343750,pending,
28,sweet_potato,25,DSC_5684_JPG,/root/autodl-tmp/visagent/datasets/fridge_original_v1/train/images/DSC_5684_JPG_jpg.rf.68320b5d675cd41c0c4d2208f99842ee.jpg,28 0.54375000 0.44843750 0.22343750 0.09531250,pending,
28,sweet_potato,26,DSC_6186_JPG,/root/autodl-tmp/visagent/datasets/fridge_original_v1/train/images/DSC_6186_JPG_jpg.rf.021eeb849ccf88b241a564d4502c8512.jpg,28 0.60000000 0.20937500 0.10781250 0.07031250,pending,
28,sweet_potato,27,DSC_6142_JPG,/root/autodl-tmp/visagent/datasets/fridge_original_v1/train/images/DSC_6142_JPG_jpg.rf.73b786bcf6b837ef81f5890e940e9098.jpg,28 0.40781250 0.59531250 0.12812500 0.09687500,pending,
28,sweet_potato,28,DSC_5892_JPG,/root/autodl-tmp/visagent/datasets/fridge_original_v1/test/images/DSC_5892_JPG_jpg.rf.cc13a0cf8f902e5f8e9c2a25aa8f4649.jpg,28 0.52968750 0.45625000 0.22031250 0.08906250,pending,
28,sweet_potato,29,DSC_5685_JPG,/root/autodl-tmp/visagent/datasets/fridge_original_v1/test/images/DSC_5685_JPG_jpg.rf.96e405ad281fa3b702f109d7f5a3a23e.jpg,28 0.54218750 0.45000000 0.21406250 0.07968750,pending,
28,sweet_potato,30,DSC_6152_JPG,/root/autodl-tmp/visagent/datasets/fridge_original_v1/test/images/DSC_6152_JPG_jpg.rf.28e63d1bbb613850d1b8ceb35019c109.jpg,28 0.79531250 0.20937500 0.20312500 0.07187500,pending,
29,tomato,1,DSC_5709_JPG,/root/autodl-tmp/visagent/datasets/fridge_original_v1/train/images/DSC_5709_JPG_jpg.rf.0956d183463e604e7fbd807cc8712e70.jpg,29 0.73750000 0.21718750 0.19843750 0.07343750,pass,visual_contact_sheet_review_codex_2026-07-16
29,tomato,2,DSC_6178_JPG,/root/autodl-tmp/visagent/datasets/fridge_original_v1/valid/images/DSC_6178_JPG_jpg.rf.eaaa1f71925a3337cbbdce29b029ac49.jpg,29 0.81562500 0.45625000 0.14218750 0.06562500,pass,visual_contact_sheet_review_codex_2026-07-16
29,tomato,3,DSC_5966_JPG,/root/autodl-tmp/visagent/datasets/fridge_original_v1/test/images/DSC_5966_JPG_jpg.rf.7d03da9150ce1555e9151e5551733c4b.jpg,29 0.38750000 0.21250000 0.16250000 0.06718750,pass,visual_contact_sheet_review_codex_2026-07-16
29,tomato,4,DSC_5891_JPG,/root/autodl-tmp/visagent/datasets/fridge_original_v1/test/images/DSC_5891_JPG_jpg.rf.b264e4657fc49e54d1df10b31b620669.jpg,29 0.39062500 0.87500000 0.15781250 0.10937500,pass,visual_contact_sheet_review_codex_2026-07-16
29,tomato,5,DSC_6129_JPG,/root/autodl-tmp/visagent/datasets/fridge_original_v1/train/images/DSC_6129_JPG_jpg.rf.0a9d89cd04d31302ccd08c3a066e5bea.jpg,29 0.67343750 0.61250000 0.15000000 0.06718750,pass,visual_contact_sheet_review_codex_2026-07-16
29,tomato,6,DSC_5711_JPG,/root/autodl-tmp/visagent/datasets/fridge_original_v1/test/images/DSC_5711_JPG_jpg.rf.59fb1aa3e9705871ec68043e10699d83.jpg,29 0.77187500 0.20312500 0.10312500 0.05937500,pass,visual_contact_sheet_review_codex_2026-07-16
29,tomato,7,DSC_5884_JPG,/root/autodl-tmp/visagent/datasets/fridge_original_v1/train/images/DSC_5884_JPG_jpg.rf.105f814fcf5b6b77f95b5e5400f28300.jpg,29 0.55625000 0.44531250 0.15000000 0.08125000,pass,visual_contact_sheet_review_codex_2026-07-16
29,tomato,8,DSC_6185_JPG,/root/autodl-tmp/visagent/datasets/fridge_original_v1/valid/images/DSC_6185_JPG_jpg.rf.4be45b208a3f023666252fb55f884c31.jpg,29 0.48125000 0.20781250 0.15000000 0.05312500,pass,visual_contact_sheet_review_codex_2026-07-16
29,tomato,9,DSC_6045_JPG,/root/autodl-tmp/visagent/datasets/fridge_original_v1/test/images/DSC_6045_JPG_jpg.rf.7039783f692829f4499e4546c8940deb.jpg,29 0.67343750 0.21875000 0.15781250 0.05625000,pass,visual_contact_sheet_review_codex_2026-07-16
29,tomato,10,DSC_6175_JPG,/root/autodl-tmp/visagent/datasets/fridge_original_v1/test/images/DSC_6175_JPG_jpg.rf.f592188558957bf9f23e35fec5af7eea.jpg,29 0.67343750 0.20000000 0.15937500 0.07656250,pass,visual_contact_sheet_review_codex_2026-07-16
29,tomato,11,DSC_6082_JPG,/root/autodl-tmp/visagent/datasets/fridge_original_v1/test/images/DSC_6082_JPG_jpg.rf.0af20535faab583569f1267c2616a6ee.jpg,29 0.41093750 0.60781250 0.14531250 0.06562500,pass,visual_contact_sheet_review_codex_2026-07-16
29,tomato,12,DSC_5909_JPG,/root/autodl-tmp/visagent/datasets/fridge_original_v1/train/images/DSC_5909_JPG_jpg.rf.050dd1a4f76ad530affa54aa0b2d5eb2.jpg,29 0.41562500 0.88437500 0.16718750 0.10781250,pass,visual_contact_sheet_review_codex_2026-07-16
29,tomato,13,DSC_5730_JPG,/root/autodl-tmp/visagent/datasets/fridge_original_v1/valid/images/DSC_5730_JPG_jpg.rf.7bc5dc4d5d0fadb5f7b6911fd9fba9c5.jpg,29 0.56406250 0.45156250 0.22031250 0.07343750,pass,visual_contact_sheet_review_codex_2026-07-16
29,tomato,14,DSC_5894_JPG,/root/autodl-tmp/visagent/datasets/fridge_original_v1/train/images/DSC_5894_JPG_jpg.rf.1124c9803e34b9a5d1d2130909c41c20.jpg,29 0.41875000 0.88437500 0.15937500 0.10468750,pass,visual_contact_sheet_review_codex_2026-07-16
29,tomato,15,DSC_6041_JPG,/root/autodl-tmp/visagent/datasets/fridge_original_v1/train/images/DSC_6041_JPG_jpg.rf.09e36630badb9681b1a6feea7e8c07a8.jpg,29 0.70781250 0.22812500 0.14218750 0.05625000,pass,visual_contact_sheet_review_codex_2026-07-16
29,tomato,16,DSC_6186_JPG,/root/autodl-tmp/visagent/datasets/fridge_original_v1/train/images/DSC_6186_JPG_jpg.rf.021eeb849ccf88b241a564d4502c8512.jpg,29 0.48750000 0.20312500 0.15468750 0.07343750,pass,visual_contact_sheet_review_codex_2026-07-16
29,tomato,17,DSC_6021_JPG,/root/autodl-tmp/visagent/datasets/fridge_original_v1/test/images/DSC_6021_JPG_jpg.rf.2d4b9f1126ab6ef8f2048cc08ae5f1fd.jpg,29 0.43750000 0.45468750 0.14062500 0.07187500,pass,visual_contact_sheet_review_codex_2026-07-16
29,tomato,18,DSC_5714_JPG,/root/autodl-tmp/visagent/datasets/fridge_original_v1/train/images/DSC_5714_JPG_jpg.rf.178531d7165b10bee383b440c46c4d46.jpg,29 0.79843750 0.23437500 0.10000000 0.05781250,pass,visual_contact_sheet_review_codex_2026-07-16
29,tomato,19,DSC_5920_JPG,/root/autodl-tmp/visagent/datasets/fridge_original_v1/test/images/DSC_5920_JPG_jpg.rf.d28db638c894b285ccfcdff4196bf041.jpg,29 0.73437500 0.60625000 0.16875000 0.08125000,pass,visual_contact_sheet_review_codex_2026-07-16
29,tomato,20,DSC_5888_JPG,/root/autodl-tmp/visagent/datasets/fridge_original_v1/train/images/DSC_5888_JPG_jpg.rf.09c55b1469cd3db1ceff8321f81edfd3.jpg,29 0.42500000 0.88437500 0.16406250 0.10937500,pass,visual_contact_sheet_review_codex_2026-07-16
29,tomato,21,DSC_6044_JPG,/root/autodl-tmp/visagent/datasets/fridge_original_v1/test/images/DSC_6044_JPG_jpg.rf.721120482b27e88e65c28eaa129d291a.jpg,29 0.66250000 0.21093750 0.14687500 0.05781250,pass,visual_contact_sheet_review_codex_2026-07-16
29,tomato,22,DSC_5753_JPG,/root/autodl-tmp/visagent/datasets/fridge_original_v1/train/images/DSC_5753_JPG_jpg.rf.0379e1fd94af039879500a102ce2e876.jpg,29 0.60937500 0.44843750 0.14843750 0.07031250,pass,visual_contact_sheet_review_codex_2026-07-16
29,tomato,23,DSC_6015_JPG,/root/autodl-tmp/visagent/datasets/fridge_original_v1/valid/images/DSC_6015_JPG_jpg.rf.080124eae3b381859cd7fbedc1713a1b.jpg,29 0.66093750 0.21875000 0.16406250 0.05937500,pass,visual_contact_sheet_review_codex_2026-07-16
29,tomato,24,DSC_6168_JPG,/root/autodl-tmp/visagent/datasets/fridge_original_v1/valid/images/DSC_6168_JPG_jpg.rf.eb984f6322620c3d2081f1eb73aab49d.jpg,29 0.57500000 0.89687500 0.16406250 0.08437500,pass,visual_contact_sheet_review_codex_2026-07-16
29,tomato,25,DSC_6120_JPG,/root/autodl-tmp/visagent/datasets/fridge_original_v1/test/images/DSC_6120_JPG_jpg.rf.128fd9c4c7e47e89d8b3239d695cadb3.jpg,29 0.60000000 0.20937500 0.15312500 0.06718750,pass,visual_contact_sheet_review_codex_2026-07-16
29,tomato,26,DSC_6083_JPG,/root/autodl-tmp/visagent/datasets/fridge_original_v1/test/images/DSC_6083_JPG_jpg.rf.1b06bc7dc7389af73f20c29cd206b120.jpg,29 0.38750000 0.60312500 0.13750000 0.07343750,pass,visual_contact_sheet_review_codex_2026-07-16
29,tomato,27,DSC_5896_JPG,/root/autodl-tmp/visagent/datasets/fridge_original_v1/train/images/DSC_5896_JPG_jpg.rf.05a58007dc55377cf51bfaa916d704b6.jpg,29 0.39062500 0.88125000 0.15781250 0.10468750,pass,visual_contact_sheet_review_codex_2026-07-16
29,tomato,28,DSC_5931_JPG,/root/autodl-tmp/visagent/datasets/fridge_original_v1/test/images/DSC_5931_JPG_jpg.rf.49a772c807c9c3e0364419196fb48a84.jpg,29 0.54062500 0.20781250 0.16562500 0.07812500,pass,visual_contact_sheet_review_codex_2026-07-16
29,tomato,29,DSC_5952_JPG,/root/autodl-tmp/visagent/datasets/fridge_original_v1/valid/images/DSC_5952_JPG_jpg.rf.aa92102cca967b8ce8a2ef5c260198d2.jpg,29 0.69687500 0.58750000 0.15000000 0.06718750,pass,visual_contact_sheet_review_codex_2026-07-16
29,tomato,30,DSC_5903_JPG,/root/autodl-tmp/visagent/datasets/fridge_original_v1/train/images/DSC_5903_JPG_jpg.rf.003bf70058e5a354b404912ffffe3c73.jpg,29 0.41250000 0.88125000 0.15781250 0.10625000,pass,visual_contact_sheet_review_codex_2026-07-16
